Timestamp,AccX,AccY,AccZ,GyroX,GyroY,GyroZ,MagX,MagY,MagZ
1712535943040,-0.040677983,0.13220344,9.829416,-7.635591E-5,-6.8720314E-4,0.0013744063,7.4437504,-21.84375,-21.6
1712535943085,-0.038285162,0.13848461,9.841082,-7.635591E-5,-9.162709E-4,0.00167983,7.4625,-21.46875,-21.88125
1712535943229,-0.029312078,0.14117654,9.8321085,-2.2906772E-4,-8.39915E-4,0.00167983,7.2562504,-21.35625,-21.956251
1712535943427,-0.038285162,0.1363909,9.838689,-7.635591E-5,-6.1084726E-4,0.0017561859,7.2000003,-21.31875,-21.9375
1712535943627,-0.03798606,0.13668999,9.838987,-0.0,-6.1084726E-4,0.00167983,7.14375,-21.375,-21.975
1712535943827,-0.037686955,0.13579269,9.834202,1.5271181E-4,-8.39915E-4,0.0017561859,7.14375,-21.46875,-21.975
1712535944027,-0.040378883,0.13668999,9.835997,-7.635591E-5,-6.8720314E-4,0.00167983,7.14375,-21.50625,-21.993752
1712535944228,-0.04336991,0.13369897,9.833903,-7.635591E-5,-6.8720314E-4,0.00167983,7.1250005,-21.46875,-21.993752
1712535944430,-0.043070808,0.13878371,9.83151,1.5271181E-4,-7.635591E-4,0.0018325418,7.0687504,-21.35625,-22.087502
1712535944632,-0.044865426,0.14177474,9.833903,0.0,-6.1084726E-4,0.0019088977,7.0875,-21.225,-22.06875
1712535944835,-0.030508488,0.14057833,9.82822,-1.5271181E-4,-6.8720314E-4,0.0018325418,7.18125,-21.206251,-22.06875
1712535945037,-0.03379862,0.13938192,9.830014,0.0,-5.344914E-4,0.0018325418,7.1625004,-21.150002,-22.143751
1712535945239,-0.03918247,0.13579269,9.83151,-7.635591E-5,-3.8177954E-4,0.0019088977,7.18125,-21.112501,-22.181252
1712535945442,-0.03678965,0.13310076,9.83151,-7.635591E-5,-6.8720314E-4,0.0018325418,7.2187505,-20.8875,-22.237501
1712535945644,-0.02871387,0.13549358,9.832706,-1.5271181E-4,-5.344914E-4,0.0018325418,7.2187505,-20.681252,-22.21875
1712535945847,-0.03918247,0.1378864,9.830613,0.0,-6.1084726E-4,0.0019088977,7.2187505,-20.681252,-22.21875
1712535946049,-0.037686955,0.14356937,9.8321085,7.635591E-5,-7.635591E-4,0.0019852535,7.2562504,-20.7,-22.2
1712535946251,-0.047856454,0.13609178,9.832407,-0.0,-5.344914E-4,0.0019852535,7.2937503,-20.831251,-22.1625
1712535946453,-0.035294134,0.13968103,9.836296,0.0,-4.5813544E-4,0.0019088977,7.3125005,-20.79375,-22.181252
1712535946656,-0.034097724,0.14207384,9.833604,0.0,-6.1084726E-4,0.0019088977,7.3500004,-20.775002,-22.143751
1712535946858,-0.02961118,0.14446667,9.836296,-7.635591E-5,-7.635591E-4,0.0019088977,7.425,-20.75625,-22.143751
1712535947061,-0.03589234,0.1378864,9.834202,7.635591E-5,-7.635591E-4,0.0017561859,7.4062505,-20.868752,-22.10625
1712535947263,-0.030807592,0.13250256,9.826724,-7.635591E-5,-7.635591E-4,0.0020616094,7.51875,-20.8125,-22.181252
1712535947465,-0.036490545,0.13609178,9.826724,-1.5271181E-4,-5.344914E-4,0.0017561859,7.5750003,-20.643751,-22.2
1712535947668,-0.03798606,0.13489537,9.834501,-0.0,-6.8720314E-4,0.0017561859,7.5750003,-20.53125,-22.25625
1712535947870,-0.032901313,0.14297116,9.834501,7.635591E-5,-7.635591E-4,0.0015271181,7.55625,-20.362501,-22.331251
1712535948073,-0.040378883,0.13908282,9.837193,-2.2906772E-4,-6.1084726E-4,0.001603474,7.5375004,-20.2875,-22.368752
1712535948274,-0.043070808,0.14177474,9.838689,-1.5271181E-4,-6.8720314E-4,0.0015271181,7.6312504,-20.1375,-22.3125
1712535948477,-0.037387855,0.1372882,9.836296,-7.635591E-5,-6.1084726E-4,0.0013744063,7.6875005,-19.987501,-22.3125
1712535948679,-0.039780676,0.14267205,9.844372,-1.5271181E-4,-6.1084726E-4,0.0012980504,7.8375,-19.78125,-22.3125
1712535948882,-0.03798606,0.14267205,9.847063,-0.0,-4.5813544E-4,0.0015271181,7.8,-19.78125,-22.3125
1712535949084,-0.035294134,0.1372882,9.847063,-1.5271181E-4,-5.344914E-4,0.0014507623,7.8187504,-19.743752,-22.368752
1712535949286,-0.03589234,0.14207384,9.838987,-7.635591E-5,-3.0542363E-4,0.0012980504,7.8562503,-19.706251,-22.3125
1712535949489,-0.038285162,0.13190435,9.846765,0.0,-5.344914E-4,0.0012980504,7.8375,-19.725,-22.25625
1712535949691,-0.03918247,0.14177474,9.84467,-7.635591E-5,-6.1084726E-4,0.0011453386,7.8562503,-19.6875,-22.237501
1712535949893,-0.034396827,0.14027923,9.841979,-7.635591E-5,-6.1084726E-4,0.0010689828,7.7625003,-19.78125,-22.368752
1712535950095,-0.031106694,0.14177474,9.84826,-1.5271181E-4,-6.1084726E-4,0.0010689828,7.70625,-19.800001,-22.40625
1712535950298,-0.034396827,0.14536397,9.853345,-3.0542363E-4,-5.344914E-4,0.0012216945,7.55625,-19.837502,-22.425001
1712535950500,-0.030209387,0.14626129,9.844072,7.635591E-5,-6.1084726E-4,0.0011453386,7.5375004,-19.837502,-22.5
1712535950703,-0.027816564,0.1378864,9.84497,7.635591E-5,-6.1084726E-4,9.926268E-4,7.51875,-19.837502,-22.462502
1712535950905,-0.032901313,0.14117654,9.849456,7.635591E-5,-3.8177954E-4,0.0011453386,7.5375004,-19.893751,-22.48125
1712535951107,-0.032901313,0.13908282,9.853345,-0.0,-6.1084726E-4,0.0011453386,7.6125,-19.85625,-22.556252
1712535951310,-0.03798606,0.1369891,9.852148,7.635591E-5,-5.344914E-4,9.926268E-4,7.5937505,-19.875,-22.575
1712535951512,-0.03260221,0.14506488,9.851251,7.635591E-5,-5.344914E-4,9.162709E-4,7.65,-19.7625,-22.5375
1712535951714,-0.03798606,0.13938192,9.856036,-7.635591E-5,-4.5813544E-4,9.162709E-4,7.65,-19.650002,-22.5375
1712535951917,-0.02871387,0.13579269,9.850952,-7.635591E-5,-3.8177954E-4,8.39915E-4,7.6687503,-19.725,-22.575
1712535952119,-0.03678965,0.13609178,9.853045,7.635591E-5,-4.5813544E-4,8.39915E-4,7.65,-19.743752,-22.5
1712535952321,-0.03589234,0.13190435,9.857831,7.635591E-5,-5.344914E-4,7.635591E-4,7.74375,-19.743752,-22.5375
1712535952523,-0.038584266,0.1381855,9.854541,-1.5271181E-4,-6.8720314E-4,6.8720314E-4,7.8187504,-19.612501,-22.650002
1712535952726,-0.03619144,0.13220344,9.858728,1.5271181E-4,-5.344914E-4,7.635591E-4,7.8,-19.743752,-22.63125
1712535952928,-0.036490545,0.13968103,9.856036,-0.0,-4.5813544E-4,8.39915E-4,7.8,-19.706251,-22.575
1712535953131,-0.041575294,0.1378864,9.858429,-7.635591E-5,-6.8720314E-4,6.8720314E-4,7.8375,-19.7625,-22.59375
1712535953333,-0.040977087,0.1381855,9.862318,-7.635591E-5,-6.1084726E-4,8.39915E-4,7.8562503,-19.800001,-22.612501
1712535953535,-0.0317049,0.13010973,9.860822,-7.635591E-5,-5.344914E-4,7.635591E-4,7.8562503,-19.6875,-22.6875
1712535953738,-0.03379862,0.1363909,9.860822,-1.5271181E-4,-3.0542363E-4,6.8720314E-4,7.89375,-19.650002,-22.6875
1712535953940,-0.036490545,0.13878371,9.858728,0.0,-3.0542363E-4,7.635591E-4,7.8187504,-19.66875,-22.66875
1712535954143,-0.037686955,0.13609178,9.859925,-1.5271181E-4,-3.0542363E-4,6.8720314E-4,7.7625003,-19.725,-22.59375
1712535954345,-0.035294134,0.13369897,9.862318,-7.635591E-5,-5.344914E-4,6.1084726E-4,7.7625003,-19.59375,-22.706251
1712535954548,-0.03619144,0.1378864,9.859326,-7.635591E-5,-4.5813544E-4,6.8720314E-4,7.8750005,-19.59375,-22.743752
1712535954749,-0.034097724,0.14626129,9.864112,1.5271181E-4,-4.5813544E-4,5.344914E-4,7.8,-19.5375,-22.6875
1712535954952,-0.032901313,0.14117654,9.868599,-0.0,-3.8177954E-4,6.8720314E-4,7.8187504,-19.6875,-22.725
1712535955154,-0.032004002,0.13878371,9.860822,-3.0542363E-4,-4.5813544E-4,6.1084726E-4,7.8562503,-19.725,-22.66875
1712535955356,-0.038285162,0.13609178,9.859028,-0.0,-5.344914E-4,5.344914E-4,7.8750005,-19.706251,-22.66875
1712535955559,-0.035294134,0.1381855,9.861121,7.635591E-5,-4.5813544E-4,6.1084726E-4,7.89375,-19.706251,-22.6875
1712535955761,-0.035593238,0.13369897,9.861421,-7.635591E-5,-4.5813544E-4,6.1084726E-4,7.9125004,-19.650002,-22.743752
1712535955964,-0.033499517,0.13968103,9.863514,0.0,-4.5813544E-4,6.1084726E-4,7.8562503,-19.725,-22.66875
1712535956166,-0.031106694,0.13459627,9.865009,1.5271181E-4,-3.8177954E-4,6.8720314E-4,7.7625003,-19.7625,-22.6875
1712535956369,-0.029312078,0.13938192,9.859028,-0.0,-4.5813544E-4,6.1084726E-4,7.8,-19.743752,-22.743752
1712535956571,-0.034396827,0.13878371,9.864112,-7.635591E-5,-4.5813544E-4,4.5813544E-4,7.74375,-19.612501,-22.743752
1712535956773,-0.02961118,0.14327025,9.862318,7.635591E-5,-3.0542363E-4,4.5813544E-4,7.74375,-19.63125,-22.7625
1712535956975,-0.040378883,0.14297116,9.866505,-2.2906772E-4,-3.0542363E-4,5.344914E-4,7.7625003,-19.725,-22.706251
1712535957178,-0.03888337,0.13310076,9.871291,-7.635591E-5,-2.2906772E-4,4.5813544E-4,7.7250004,-19.837502,-22.743752
1712535957380,-0.03499503,0.14506488,9.858429,-7.635591E-5,-3.8177954E-4,3.8177954E-4,7.7250004,-19.9125,-22.743752
1712535957583,-0.028115666,0.14147563,9.863514,-1.5271181E-4,-3.8177954E-4,4.5813544E-4,7.7250004,-19.85625,-22.725
1712535957785,-0.034097724,0.13429718,9.869496,-7.635591E-5,-3.8177954E-4,4.5813544E-4,7.6875005,-19.85625,-22.650002
1712535957987,-0.032901313,0.13878371,9.861121,7.635591E-5,-4.5813544E-4,4.5813544E-4,7.6687503,-19.9125,-22.650002
1712535958189,-0.03499503,0.1381855,9.864112,0.0,-2.2906772E-4,3.8177954E-4,7.74375,-19.96875,-22.59375
1712535958393,-0.025722843,0.14267205,9.8682995,1.5271181E-4,-4.5813544E-4,3.8177954E-4,7.7812505,-19.9125,-22.518751
1712535958594,-0.034396827,0.1369891,9.865608,1.5271181E-4,-3.0542363E-4,3.8177954E-4,7.8,-19.800001,-22.556252
1712535958797,-0.034097724,0.13429718,9.863813,-1.5271181E-4,-4.5813544E-4,3.0542363E-4,7.8750005,-19.6875,-22.5
1712535958998,-0.0317049,0.13968103,9.864711,-7.635591E-5,-3.0542363E-4,4.5813544E-4,7.89375,-19.66875,-22.518751
1712535959201,-0.037387855,0.13908282,9.865608,2.2906772E-4,-3.0542363E-4,3.8177954E-4,7.8750005,-19.743752,-22.518751
1712535959403,-0.029312078,0.14356937,9.874282,7.635591E-5,-4.5813544E-4,3.8177954E-4,7.9125004,-19.743752,-22.5375
1712535959606,-0.030508488,0.13489537,9.867104,-7.635591E-5,-3.0542363E-4,2.2906772E-4,7.9500003,-19.6875,-22.518751
1712535959808,-0.032004002,0.13220344,9.862916,7.635591E-5,-2.2906772E-4,2.2906772E-4,7.93125,-19.650002,-22.5
1712535960011,-0.03379862,0.14596218,9.868599,0.0,-3.8177954E-4,3.0542363E-4,7.8750005,-19.706251,-22.5375
1712535960213,-0.031106694,0.14745769,9.870394,7.635591E-5,-4.5813544E-4,3.8177954E-4,7.8375,-19.7625,-22.59375
1712535960415,-0.029312078,0.13968103,9.869795,-1.5271181E-4,-3.0542363E-4,2.2906772E-4,7.7812505,-19.706251,-22.612501
1712535960617,-0.026620151,0.14446667,9.868599,-7.635591E-5,-3.0542363E-4,3.0542363E-4,7.74375,-19.78125,-22.556252
1712535960820,-0.034396827,0.13848461,9.869795,0.0,-3.8177954E-4,2.2906772E-4,7.8187504,-19.66875,-22.612501
1712535961022,-0.02841477,0.14506488,9.867702,0.0,-1.5271181E-4,7.635591E-5,7.8562503,-19.650002,-22.6875
1712535961224,-0.029012974,0.14207384,9.868599,-7.635591E-5,-3.8177954E-4,1.5271181E-4,7.8,-19.725,-22.743752
1712535961427,-0.033499517,0.14117654,9.871291,-1.5271181E-4,-3.8177954E-4,2.2906772E-4,7.8562503,-19.743752,-22.78125
1712535961629,-0.0317049,0.1363909,9.8632145,1.5271181E-4,-3.0542363E-4,2.2906772E-4,7.8375,-19.706251,-22.725
1712535961831,-0.03918247,0.14117654,9.867104,-7.635591E-5,-4.5813544E-4,2.2906772E-4,7.8562503,-19.800001,-22.706251
1712535962033,-0.028115666,0.13339986,9.870394,-1.5271181E-4,-6.8720314E-4,2.2906772E-4,7.89375,-19.78125,-22.743752
1712535962236,-0.029312078,0.1378864,9.871291,-0.0,-4.5813544E-4,1.5271181E-4,7.8562503,-19.7625,-22.743752
1712535962438,-0.031405795,0.1363909,9.863514,7.635591E-5,-4.5813544E-4,7.635591E-5,7.7625003,-19.7625,-22.6875
1712535962641,-0.034396827,0.14267205,9.865608,-7.635591E-5,-4.5813544E-4,7.635591E-5,7.74375,-19.66875,-22.650002
1712535962843,-0.034097724,0.14207384,9.865608,-0.0,-3.8177954E-4,2.2906772E-4,7.65,-19.612501,-22.650002
1712535963045,-0.033200413,0.14087744,9.874282,-1.5271181E-4,-1.5271181E-4,1.5271181E-4,7.6312504,-19.650002,-22.66875
1712535963247,-0.032901313,0.13878371,9.872487,-2.2906772E-4,-3.8177954E-4,1.5271181E-4,7.6687503,-19.63125,-22.706251
1712535963450,-0.025423741,0.14027923,9.867702,7.635591E-5,-3.8177954E-4,3.0542363E-4,7.6687503,-19.612501,-22.725
1712535963652,-0.037387855,0.14536397,9.867702,-7.635591E-5,-3.8177954E-4,1.5271181E-4,7.5937505,-19.556252,-22.650002
1712535963855,-0.034396827,0.1363909,9.873085,-7.635591E-5,-2.2906772E-4,7.635591E-5,7.6312504,-19.59375,-22.59375
1712535964057,-0.033200413,0.14446667,9.873085,0.0,-4.5813544E-4,2.2906772E-4,7.6687503,-19.706251,-22.612501
1712535964259,-0.030209387,0.13968103,9.873085,0.0,-3.0542363E-4,1.5271181E-4,7.74375,-19.725,-22.66875
1712535964462,-0.02871387,0.1369891,9.865907,1.5271181E-4,-4.5813544E-4,7.635591E-5,7.7812505,-19.800001,-22.650002
1712535964664,-0.027218357,0.13579269,9.867104,-0.0,-3.8177954E-4,7.635591E-5,7.7625003,-19.706251,-22.6875
1712535964866,-0.027816564,0.14297116,9.865009,-7.635591E-5,-2.2906772E-4,2.2906772E-4,7.7250004,-19.7625,-22.6875
1712535965069,-0.029312078,0.1372882,9.865907,7.635591E-5,-3.8177954E-4,1.5271181E-4,7.74375,-19.800001,-22.706251
1712535965271,-0.037686955,0.14506488,9.870094,0.0,-1.5271181E-4,0.0,7.8562503,-19.81875,-22.800001
1712535965473,-0.02961118,0.1363909,9.869496,-7.635591E-5,-4.5813544E-4,1.5271181E-4,7.8,-19.9125,-22.800001
1712535965676,-0.0317049,0.1378864,9.869795,-1.5271181E-4,-3.8177954E-4,2.2906772E-4,7.8375,-19.893751,-22.800001
1712535965878,-0.03260221,0.14267205,9.8682995,-7.635591E-5,-2.2906772E-4,7.635591E-5,7.8562503,-19.893751,-22.800001
1712535966080,-0.035294134,0.14207384,9.872188,1.5271181E-4,-4.5813544E-4,7.635591E-5,7.8375,-19.9125,-22.800001
1712535966284,-0.022432713,0.1372882,9.875179,1.5271181E-4,-2.2906772E-4,-0.0,7.8750005,-19.96875,-22.81875
1712535966485,-0.02961118,0.14177474,9.87458,-0.0,-4.5813544E-4,-0.0,7.9125004,-19.96875,-22.81875
1712535966688,-0.034097724,0.14416756,9.868001,-1.5271181E-4,-3.8177954E-4,7.635591E-5,7.9500003,-19.9125,-22.78125
1712535966890,-0.03589234,0.14566308,9.869496,-3.0542363E-4,-4.5813544E-4,1.5271181E-4,7.89375,-19.9125,-22.78125
1712535967092,-0.026919255,0.14027923,9.87458,7.635591E-5,-4.5813544E-4,7.635591E-5,7.9687505,-19.893751,-22.81875
1712535967294,-0.030807592,0.14536397,9.874282,-7.635591E-5,-4.5813544E-4,7.635591E-5,7.93125,-19.837502,-22.800001
1712535967496,-0.032901313,0.14536397,9.865907,0.0,-1.5271181E-4,-7.635591E-5,7.93125,-19.81875,-22.706251
1712535967699,-0.025722843,0.14177474,9.8682995,-7.635591E-5,-3.8177954E-4,-0.0,7.9687505,-19.85625,-22.706251
1712535967901,-0.030807592,0.13010973,9.867702,-7.635591E-5,-3.0542363E-4,-0.0,7.9687505,-19.931252,-22.6875
1712535968105,-0.03888337,0.1363909,9.873085,-2.2906772E-4,-5.344914E-4,-0.0,7.93125,-19.96875,-22.612501
1712535968307,-0.032901313,0.14297116,9.868897,0.0,-2.2906772E-4,7.635591E-5,7.89375,-20.04375,-22.575
1712535968508,-0.0317049,0.1378864,9.867402,-7.635591E-5,-4.5813544E-4,7.635591E-5,7.9125004,-20.1,-22.5375
1712535968711,-0.026620151,0.14506488,9.870992,7.635591E-5,-3.0542363E-4,0.0,7.8750005,-19.987501,-22.518751
1712535968913,-0.031405795,0.1369891,9.875478,-1.5271181E-4,-4.5813544E-4,0.0,7.89375,-20.00625,-22.5
1712535969115,-0.028115666,0.1369891,9.865907,-1.5271181E-4,-4.5813544E-4,7.635591E-5,7.8562503,-20.0625,-22.612501
1712535969318,-0.030508488,0.14416756,9.869496,0.0,-5.344914E-4,7.635591E-5,7.8375,-20.025002,-22.612501
1712535969520,-0.03260221,0.13938192,9.870094,-7.635591E-5,-3.0542363E-4,-0.0,7.8375,-20.04375,-22.556252
1712535969723,-0.027816564,0.14566308,9.868001,-7.635591E-5,-6.8720314E-4,7.635591E-5,7.89375,-20.025002,-22.556252
1712535969925,-0.029012974,0.14506488,9.869496,-0.0,-4.5813544E-4,7.635591E-5,7.93125,-20.025002,-22.575
1712535970128,-0.032004002,0.13878371,9.870992,7.635591E-5,-3.8177954E-4,7.635591E-5,7.8750005,-20.081251,-22.556252
1712535970330,-0.024825536,0.14147563,9.865309,-1.5271181E-4,-3.8177954E-4,1.5271181E-4,7.8375,-20.19375,-22.59375
1712535970531,-0.029012974,0.1381855,9.873384,1.5271181E-4,-5.344914E-4,7.635591E-5,7.8562503,-20.175001,-22.575
1712535970734,-0.026919255,0.13489537,9.861421,-0.0,-2.2906772E-4,2.2906772E-4,7.8562503,-20.175001,-22.5
1712535970936,-0.026620151,0.14057833,9.871889,-7.635591E-5,-5.344914E-4,1.5271181E-4,7.8562503,-20.1375,-22.5
1712535971139,-0.032901313,0.1381855,9.872487,7.635591E-5,-3.8177954E-4,-0.0,7.8375,-20.1,-22.59375
1712535971341,-0.035294134,0.13908282,9.875478,1.5271181E-4,-3.8177954E-4,7.635591E-5,7.74375,-20.118752,-22.650002
1712535971543,-0.031106694,0.14177474,9.869795,-7.635591E-5,-3.0542363E-4,3.0542363E-4,7.7250004,-20.1,-22.706251
1712535971746,-0.03499503,0.14147563,9.867402,1.5271181E-4,-4.5813544E-4,7.635591E-5,7.7625003,-19.931252,-22.7625
1712535971950,-0.023030918,0.13968103,9.871889,-7.635591E-5,-3.0542363E-4,1.5271181E-4,7.70625,-19.875,-22.7625
1712535972153,-0.025423741,0.15164514,9.869795,-0.0,-3.8177954E-4,7.635591E-5,7.6875005,-19.96875,-22.725
1712535972354,-0.034097724,0.14207384,9.868897,-7.635591E-5,-3.8177954E-4,7.635591E-5,7.7250004,-19.987501,-22.743752
1712535972558,-0.027218357,0.13908282,9.867402,0.0,-3.8177954E-4,1.5271181E-4,7.7812505,-20.0625,-22.725
1712535972760,-0.03589234,0.13070793,9.8632145,-7.635591E-5,-3.8177954E-4,7.635591E-5,7.8562503,-20.04375,-22.650002
1712535972961,-0.031405795,0.13938192,9.866206,0.0,-3.8177954E-4,7.635591E-5,7.93125,-20.025002,-22.66875
1712535973164,-0.02961118,0.148355,9.862916,-0.0,-3.8177954E-4,3.0542363E-4,7.9875,-20.025002,-22.59375
1712535973366,-0.025722843,0.14626129,9.867402,-7.635591E-5,-3.0542363E-4,1.5271181E-4,7.9875,-20.175001,-22.5375
1712535973568,-0.031405795,0.14506488,9.869496,7.635591E-5,-3.8177954E-4,-0.0,8.118751,-20.15625,-22.518751
1712535973770,-0.030807592,0.13968103,9.866206,7.635591E-5,-2.2906772E-4,7.635591E-5,8.118751,-20.0625,-22.59375
1712535973974,-0.03260221,0.13579269,9.868001,-7.635591E-5,-3.8177954E-4,1.5271181E-4,8.15625,-20.0625,-22.5375
1712535974176,-0.02961118,0.13938192,9.870094,0.0,-7.635591E-5,7.635591E-5,8.118751,-20.0625,-22.63125
1712535974376,-0.02961118,0.13968103,9.867104,0.0,-3.8177954E-4,7.635591E-5,8.08125,-20.118752,-22.725
1712535974580,-0.029312078,0.13908282,9.870992,-7.635591E-5,-5.344914E-4,7.635591E-5,8.1,-20.175001,-22.63125
1712535974784,-0.03678965,0.14536397,9.868001,1.5271181E-4,-3.8177954E-4,7.635591E-5,8.08125,-20.175001,-22.6875
1712535974987,-0.033200413,0.1369891,9.872188,-0.0,-2.2906772E-4,1.5271181E-4,8.1,-20.0625,-22.66875
1712535975185,-0.030209387,0.13668999,9.868897,0.0,-3.8177954E-4,7.635591E-5,7.9875,-20.118752,-22.66875
1712535975389,-0.032901313,0.14057833,9.873085,-2.2906772E-4,-7.635591E-5,2.2906772E-4,7.93125,-20.212502,-22.63125
1712535975592,-0.029012974,0.14027923,9.866505,7.635591E-5,-2.2906772E-4,2.2906772E-4,7.93125,-20.268751,-22.612501
1712535975794,-0.037686955,0.14297116,9.868001,0.0,-5.344914E-4,2.2906772E-4,8.00625,-20.212502,-22.556252
1712535975998,-0.030209387,0.14087744,9.871889,-1.5271181E-4,-2.2906772E-4,7.635591E-5,8.00625,-20.1375,-22.425001
1712535976199,-0.033200413,0.1369891,9.869795,-7.635591E-5,-1.5271181E-4,3.0542363E-4,8.043751,-20.025002,-22.44375
1712535976401,-0.03499503,0.13549358,9.868001,7.635591E-5,-4.5813544E-4,2.2906772E-4,7.93125,-20.00625,-22.44375
1712535976603,-0.02961118,0.14416756,9.8727865,-7.635591E-5,-1.5271181E-4,2.2906772E-4,7.93125,-20.00625,-22.48125
1712535976808,-0.033499517,0.14327025,9.867702,7.635591E-5,-1.5271181E-4,7.635591E-5,8.00625,-19.987501,-22.40625
1712535977008,-0.03379862,0.13968103,9.868897,-7.635591E-5,-1.5271181E-4,1.5271181E-4,8.043751,-19.875,-22.35
1712535977211,-0.03619144,0.14177474,9.867104,0.0,-2.2906772E-4,1.5271181E-4,8.00625,-19.85625,-22.44375
1712535977413,-0.034097724,0.13908282,9.872487,7.635591E-5,-3.8177954E-4,1.5271181E-4,7.9125004,-19.931252,-22.44375
1712535977613,-0.023330022,0.1381855,9.869795,-1.5271181E-4,-4.5813544E-4,1.5271181E-4,7.9125004,-19.931252,-22.518751
1712535977819,-0.0317049,0.1378864,9.865309,0.0,-4.5813544E-4,1.5271181E-4,7.8,-19.95,-22.59375
1712535978020,-0.03678965,0.14267205,9.871889,1.5271181E-4,-3.8177954E-4,1.5271181E-4,7.8375,-19.893751,-22.63125
1712535978223,-0.02871387,0.13878371,9.864711,7.635591E-5,-2.2906772E-4,7.635591E-5,7.8,-19.96875,-22.575
1712535978425,-0.03499503,0.13459627,9.875179,-0.0,-1.5271181E-4,2.2906772E-4,7.8375,-20.025002,-22.59375
1712535978629,-0.03619144,0.14087744,9.864112,0.0,-1.5271181E-4,7.635591E-5,7.8187504,-20.0625,-22.612501
1712535978831,-0.03798606,0.1369891,9.864711,-1.5271181E-4,-3.8177954E-4,-7.635591E-5,7.8375,-20.00625,-22.63125
1712535979030,-0.030508488,0.1363909,9.869496,-7.635591E-5,-5.344914E-4,7.635591E-5,7.8187504,-19.893751,-22.612501
1712535979234,-0.033499517,0.14327025,9.870394,1.5271181E-4,-2.2906772E-4,0.0,7.8750005,-19.9125,-22.5375
1712535979436,-0.033200413,0.1477568,9.865009,1.5271181E-4,-3.8177954E-4,0.0,7.93125,-19.9125,-22.48125
1712535979638,-0.034396827,0.13968103,9.865009,-1.5271181E-4,-2.2906772E-4,7.635591E-5,7.9687505,-19.893751,-22.556252
1712535979841,-0.035593238,0.1468595,9.864711,1.5271181E-4,-3.8177954E-4,7.635591E-5,7.9125004,-19.7625,-22.612501
1712535980043,-0.031106694,0.1381855,9.870094,-7.635591E-5,-7.635591E-5,7.635591E-5,7.9875,-19.81875,-22.63125
1712535980246,-0.032004002,0.13878371,9.870094,-7.635591E-5,-3.8177954E-4,1.5271181E-4,7.93125,-19.95,-22.575
1712535980448,-0.030807592,0.14027923,9.864711,-7.635591E-5,-2.2906772E-4,3.8177954E-4,7.93125,-20.1,-22.575
1712535980651,-0.03260221,0.14656039,9.8632145,-1.5271181E-4,-2.2906772E-4,-0.0,7.93125,-20.212502,-22.5375
1712535980852,-0.031106694,0.1468595,9.868897,-7.635591E-5,-1.5271181E-4,7.635591E-5,7.89375,-20.175001,-22.5375
1712535981055,-0.02961118,0.15583257,9.864711,-2.2906772E-4,-1.5271181E-4,7.635591E-5,7.89375,-20.25,-22.59375
1712535981257,-0.031405795,0.14117654,9.865009,-7.635591E-5,-2.2906772E-4,0.0,7.9125004,-20.2875,-22.575
1712535981460,-0.030209387,0.1369891,9.867702,-7.635591E-5,-3.8177954E-4,7.635591E-5,7.9500003,-20.2875,-22.556252
1712535981662,-0.023030918,0.14117654,9.860822,7.635591E-5,-3.0542363E-4,7.635591E-5,7.9687505,-20.23125,-22.556252
1712535981864,-0.029012974,0.14416756,9.866206,1.5271181E-4,-2.2906772E-4,1.5271181E-4,8.043751,-20.1,-22.612501
1712535982066,-0.026021946,0.1486541,9.865907,-1.5271181E-4,-3.8177954E-4,0.0,8.118751,-20.025002,-22.63125
1712535982271,-0.03379862,0.13668999,9.870094,-1.5271181E-4,-2.2906772E-4,-0.0,8.118751,-19.893751,-22.706251
1712535982471,-0.03798606,0.13908282,9.865309,-7.635591E-5,-1.5271181E-4,1.5271181E-4,8.15625,-19.875,-22.706251
1712535982674,-0.032004002,0.14027923,9.870692,-7.635591E-5,-2.2906772E-4,-0.0,8.19375,-19.800001,-22.63125
1712535982875,-0.030807592,0.14117654,9.869496,1.5271181E-4,-1.5271181E-4,0.0,8.118751,-19.6875,-22.66875
1712535983078,-0.033499517,0.13609178,9.865009,7.635591E-5,-2.2906772E-4,7.635591E-5,8.043751,-19.7625,-22.650002
1712535983282,-0.02871387,0.13489537,9.870692,-7.635591E-5,-1.5271181E-4,1.5271181E-4,7.9687505,-19.800001,-22.66875
1712535983485,-0.026620151,0.13848461,9.865608,-7.635591E-5,-3.0542363E-4,-0.0,7.9125004,-19.837502,-22.59375
1712535983687,-0.028115666,0.14267205,9.871291,0.0,-1.5271181E-4,-0.0,7.8375,-19.837502,-22.650002
1712535983889,-0.029012974,0.13369897,9.869795,7.635591E-5,-1.5271181E-4,7.635591E-5,7.8562503,-19.743752,-22.59375
1712535984091,-0.030508488,0.1378864,9.870692,-7.635591E-5,-3.0542363E-4,-7.635591E-5,7.8562503,-19.7625,-22.59375
1712535984294,-0.0317049,0.14147563,9.873384,-7.635591E-5,-2.2906772E-4,-0.0,7.8375,-19.78125,-22.66875
1712535984495,-0.02871387,0.14386846,9.870394,-0.0,-2.2906772E-4,-0.0,7.89375,-19.81875,-22.612501
1712535984697,-0.033499517,0.14506488,9.8727865,7.635591E-5,-2.2906772E-4,-0.0,7.9500003,-19.743752,-22.63125
1712535984900,-0.026021946,0.13609178,9.863514,-7.635591E-5,-3.8177954E-4,-7.635591E-5,7.9687505,-19.650002,-22.575
1712535985101,-0.038584266,0.14297116,9.869496,-0.0,-3.8177954E-4,7.635591E-5,7.9500003,-19.6875,-22.575
1712535985304,-0.037686955,0.13878371,9.871889,0.0,-3.8177954E-4,7.635591E-5,7.9687505,-19.706251,-22.518751
1712535985506,-0.033499517,0.13938192,9.872487,-1.5271181E-4,-1.5271181E-4,-7.635591E-5,7.9125004,-19.706251,-22.48125
1712535985710,-0.026620151,0.14327025,9.87458,7.635591E-5,-2.2906772E-4,-0.0,7.89375,-19.800001,-22.518751
1712535985914,-0.030807592,0.14057833,9.867702,0.0,-2.2906772E-4,-1.5271181E-4,7.8187504,-19.7625,-22.462502
1712535986113,-0.036490545,0.14356937,9.870992,-7.635591E-5,7.635591E-5,-0.0,7.8,-19.837502,-22.5
1712535986316,-0.020638095,0.13489537,9.867702,1.5271181E-4,-3.8177954E-4,-0.0,7.7812505,-19.95,-22.5375
1712535986518,-0.031106694,0.14536397,9.8682995,7.635591E-5,-1.5271181E-4,7.635591E-5,7.7625003,-19.931252,-22.575
1712535986721,-0.032901313,0.1363909,9.8682995,-0.0,-2.2906772E-4,0.0,7.8,-19.81875,-22.59375
1712535986925,-0.03260221,0.13579269,9.873085,-7.635591E-5,-1.5271181E-4,7.635591E-5,7.7812505,-19.800001,-22.66875
1712535987123,-0.028115666,0.14386846,9.862617,-7.635591E-5,-2.2906772E-4,0.0,7.8562503,-19.78125,-22.6875
1712535987327,-0.027218357,0.13220344,9.863813,-0.0,-3.0542363E-4,-0.0,7.8750005,-19.800001,-22.63125
1712535987529,-0.026620151,0.14147563,9.871889,-2.2906772E-4,-1.5271181E-4,-1.5271181E-4,7.93125,-19.800001,-22.66875
1712535987729,-0.03379862,0.14117654,9.869496,7.635591E-5,-3.0542363E-4,-7.635591E-5,7.89375,-19.6875,-22.6875
1712535987932,-0.025722843,0.1381855,9.871291,7.635591E-5,-1.5271181E-4,-7.635591E-5,7.8750005,-19.48125,-22.650002
1712535988135,-0.03260221,0.1381855,9.867702,0.0,7.635591E-5,-1.5271181E-4,7.8375,-19.5375,-22.706251
1712535988337,-0.033200413,0.14416756,9.871291,7.635591E-5,-3.0542363E-4,1.5271181E-4,7.8187504,-19.612501,-22.725
1712535988540,-0.034097724,0.14656039,9.867104,-1.5271181E-4,-1.5271181E-4,-1.5271181E-4,7.89375,-19.5375,-22.6875
1712535988741,-0.033200413,0.14147563,9.868001,-0.0,-7.635591E-5,1.5271181E-4,7.8750005,-19.650002,-22.706251
1712535988944,-0.03379862,0.13968103,9.871889,-7.635591E-5,-1.5271181E-4,-0.0,7.9125004,-19.556252,-22.743752
1712535989146,-0.03499503,0.13908282,9.866505,1.5271181E-4,-1.5271181E-4,7.635591E-5,7.89375,-19.556252,-22.706251
1712535989349,-0.036490545,0.148355,9.872188,0.0,-2.2906772E-4,-1.5271181E-4,7.89375,-19.650002,-22.6875
1712535989551,-0.032004002,0.14356937,9.875478,-7.635591E-5,-0.0,-0.0,7.8750005,-19.7625,-22.6875
1712535989753,-0.029312078,0.14566308,9.867702,-0.0,-2.2906772E-4,1.5271181E-4,7.93125,-19.706251,-22.575
1712535989956,-0.034097724,0.1381855,9.866505,-7.635591E-5,-0.0,0.0,7.93125,-19.6875,-22.5375
1712535990158,-0.024526432,0.13130614,9.872188,-0.0,-3.8177954E-4,0.0,7.89375,-19.725,-22.5
1712535990360,-0.030209387,0.14267205,9.872188,-7.635591E-5,-3.8177954E-4,7.635591E-5,7.89375,-19.63125,-22.48125
1712535990563,-0.025722843,0.1363909,9.869496,7.635591E-5,-2.2906772E-4,7.635591E-5,7.8562503,-19.63125,-22.44375
1712535990764,-0.031405795,0.13848461,9.867402,1.5271181E-4,-3.8177954E-4,7.635591E-5,7.9125004,-19.63125,-22.462502
1712535990967,-0.033499517,0.14057833,9.870094,-1.5271181E-4,-1.5271181E-4,-1.5271181E-4,7.9875,-19.59375,-22.48125
1712535991169,-0.02632105,0.14057833,9.8727865,-7.635591E-5,0.0,0.0,8.0625,-19.575,-22.48125
1712535991371,-0.026919255,0.14356937,9.870394,7.635591E-5,0.0,7.635591E-5,8.00625,-19.725,-22.48125
1712535991574,-0.027218357,0.13968103,9.876675,-0.0,-7.635591E-5,-0.0,8.00625,-19.7625,-22.518751
1712535991777,-0.029312078,0.1381855,9.873384,-7.635591E-5,-2.2906772E-4,7.635591E-5,7.9500003,-19.706251,-22.5375
1712535991979,-0.03260221,0.14117654,9.874282,-7.635591E-5,0.0,-7.635591E-5,7.93125,-19.66875,-22.556252
1712535992181,-0.033200413,0.13878371,9.871291,1.5271181E-4,-7.635591E-5,-0.0,7.9500003,-19.6875,-22.612501
1712535992383,-0.030807592,0.13938192,9.870992,-0.0,-7.635591E-5,-0.0,7.8562503,-19.81875,-22.612501
1712535992586,-0.02213361,0.14057833,9.865009,-7.635591E-5,-2.2906772E-4,-0.0,7.8187504,-19.743752,-22.59375
1712535992788,-0.025423741,0.14327025,9.873085,0.0,-2.2906772E-4,1.5271181E-4,7.7625003,-19.78125,-22.612501
1712535992990,-0.031106694,0.14177474,9.873085,7.635591E-5,-2.2906772E-4,-0.0,7.7625003,-19.6875,-22.6875
1712535993193,-0.032901313,0.14267205,9.869496,-1.5271181E-4,-1.5271181E-4,-1.5271181E-4,7.8375,-19.612501,-22.66875
1712535993396,-0.031106694,0.13549358,9.869496,-7.635591E-5,-1.5271181E-4,-7.635591E-5,7.8562503,-19.725,-22.66875
1712535993598,-0.025722843,0.14087744,9.872487,7.635591E-5,-2.2906772E-4,2.2906772E-4,7.89375,-19.78125,-22.706251
1712535993800,-0.032004002,0.14207384,9.87488,-0.0,-1.5271181E-4,-7.635591E-5,7.89375,-19.837502,-22.706251
1712535994002,-0.030209387,0.1372882,9.868897,7.635591E-5,-1.5271181E-4,-2.2906772E-4,8.00625,-19.837502,-22.6875
1712535994204,-0.02871387,0.13908282,9.8727865,-0.0,-1.5271181E-4,-0.0,8.025001,-19.800001,-22.6875
1712535994407,-0.027816564,0.13968103,9.867104,-7.635591E-5,-7.635591E-5,-0.0,8.00625,-19.7625,-22.706251
1712535994609,-0.035294134,0.14207384,9.865309,-0.0,-1.5271181E-4,-1.5271181E-4,7.9875,-19.837502,-22.650002
1712535994811,-0.020937199,0.14386846,9.869795,-2.2906772E-4,7.635591E-5,-0.0,7.9687505,-19.893751,-22.650002
1712535995014,-0.0317049,0.14177474,9.871291,0.0,7.635591E-5,-2.2906772E-4,7.9875,-19.85625,-22.66875
1712535995217,-0.02871387,0.14027923,9.871889,7.635591E-5,-1.5271181E-4,-0.0,7.9500003,-19.875,-22.575
1712535995418,-0.029312078,0.14536397,9.873384,-7.635591E-5,-2.2906772E-4,7.635591E-5,7.93125,-19.800001,-22.59375
1712535995621,-0.033499517,0.14506488,9.865608,7.635591E-5,-3.0542363E-4,-1.5271181E-4,7.8750005,-19.706251,-22.59375
1712535995823,-0.038285162,0.13938192,9.873085,7.635591E-5,-1.5271181E-4,-0.0,7.8375,-19.78125,-22.63125
1712535996025,-0.031405795,0.13220344,9.871889,0.0,-1.5271181E-4,-7.635591E-5,7.8562503,-19.85625,-22.59375
1712535996228,-0.02961118,0.14327025,9.880862,2.2906772E-4,-7.635591E-5,7.635591E-5,7.9500003,-19.837502,-22.612501
1712535996430,-0.023330022,0.13938192,9.874282,-1.5271181E-4,-0.0,0.0,7.8375,-19.95,-22.575
1712535996632,-0.03379862,0.13668999,9.870692,-7.635591E-5,-3.0542363E-4,-0.0,7.8375,-20.025002,-22.59375
1712535996834,-0.031106694,0.13668999,9.87488,-7.635591E-5,-0.0,7.635591E-5,7.8,-19.96875,-22.59375
1712535997036,-0.03379862,0.13968103,9.871889,0.0,-0.0,-7.635591E-5,7.7625003,-20.00625,-22.575
1712535997239,-0.027218357,0.14446667,9.872188,7.635591E-5,-1.5271181E-4,-0.0,7.7625003,-20.04375,-22.556252
1712535997442,-0.031405795,0.1363909,9.874282,-7.635591E-5,-2.2906772E-4,7.635591E-5,7.7625003,-19.987501,-22.650002
1712535997644,-0.029312078,0.1369891,9.867402,0.0,-1.5271181E-4,1.5271181E-4,7.70625,-19.9125,-22.59375
1712535997846,-0.0212363,0.14536397,9.865009,-7.635591E-5,-7.635591E-5,-7.635591E-5,7.7625003,-19.743752,-22.59375
1712535998049,-0.031106694,0.14027923,9.867702,-7.635591E-5,-7.635591E-5,7.635591E-5,7.7812505,-19.7625,-22.556252
1712535998251,-0.026620151,0.14985052,9.873384,-7.635591E-5,-2.2906772E-4,-1.5271181E-4,7.8187504,-19.743752,-22.575
1712535998454,-0.030209387,0.15044872,9.865608,7.635591E-5,-1.5271181E-4,-0.0,7.89375,-19.78125,-22.556252
1712535998656,-0.031405795,0.13968103,9.870992,7.635591E-5,-3.8177954E-4,-0.0,7.93125,-19.725,-22.556252
1712535998858,-0.033499517,0.14117654,9.876974,7.635591E-5,-1.5271181E-4,-0.0,7.9125004,-19.63125,-22.518751
1712535999060,-0.028115666,0.1468595,9.873384,7.635591E-5,-2.2906772E-4,-1.5271181E-4,7.9500003,-19.575,-22.40625
1712535999263,-0.03678965,0.14596218,9.868001,7.635591E-5,-1.5271181E-4,7.635591E-5,7.9500003,-19.63125,-22.48125
1712535999465,-0.031405795,0.13399807,9.868001,-0.0,-7.635591E-5,7.635591E-5,7.89375,-19.63125,-22.518751
1712535999667,-0.029312078,0.1372882,9.868001,-0.0,-1.5271181E-4,7.635591E-5,7.93125,-19.612501,-22.612501
1712535999870,-0.034396827,0.1468595,9.870394,-1.5271181E-4,-3.0542363E-4,-1.5271181E-4,7.89375,-19.5375,-22.612501
1712536000073,-0.031106694,0.14626129,9.870394,3.0542363E-4,-1.5271181E-4,-2.2906772E-4,7.8375,-19.59375,-22.5375
1712536000278,-0.03260221,0.1372882,9.867104,-1.5271181E-4,7.635591E-5,7.635591E-5,7.7812505,-19.650002,-22.612501
1712536000479,-0.024825536,0.14297116,9.871291,1.5271181E-4,-2.2906772E-4,7.635591E-5,7.8375,-19.6875,-22.612501
1712536000683,-0.031405795,0.13908282,9.872487,1.5271181E-4,0.0,-1.5271181E-4,7.8187504,-19.66875,-22.650002
1712536000883,-0.024825536,0.1378864,9.870394,-7.635591E-5,0.0,-7.635591E-5,7.8562503,-19.650002,-22.650002
1712536001086,-0.034396827,0.14596218,9.8682995,-7.635591E-5,-7.635591E-5,-7.635591E-5,7.89375,-19.612501,-22.650002
1712536001287,-0.034097724,0.14207384,9.868001,1.5271181E-4,-2.2906772E-4,-7.635591E-5,7.8562503,-19.650002,-22.575
1712536001492,-0.030209387,0.13668999,9.870692,-7.635591E-5,-1.5271181E-4,0.0,7.8375,-19.650002,-22.59375
1712536001692,-0.032901313,0.13848461,9.873085,-0.0,7.635591E-5,-0.0,7.89375,-19.556252,-22.6875
1712536001898,-0.03379862,0.14356937,9.868897,-7.635591E-5,-2.2906772E-4,-0.0,8.00625,-19.5375,-22.743752
1712536002095,-0.030807592,0.14297116,9.870692,0.0,-1.5271181E-4,-1.5271181E-4,7.9687505,-19.5,-22.800001
1712536002298,-0.024227329,0.13549358,9.868897,-7.635591E-5,-1.5271181E-4,-1.5271181E-4,7.9875,-19.650002,-22.81875
1712536002500,-0.033200413,0.14207384,9.871889,-2.2906772E-4,-0.0,-7.635591E-5,8.00625,-19.612501,-22.7625
1712536002702,-0.029312078,0.13459627,9.874282,-0.0,-1.5271181E-4,0.0,7.9875,-19.612501,-22.78125
1712536002904,-0.03619144,0.1480559,9.869795,-1.5271181E-4,-1.5271181E-4,7.635591E-5,8.00625,-19.650002,-22.875
1712536003108,-0.026021946,0.14356937,9.869496,-1.5271181E-4,-2.2906772E-4,-2.2906772E-4,8.08125,-19.63125,-22.837502
1712536003309,-0.034396827,0.1378864,9.873684,7.635591E-5,-7.635591E-5,7.635591E-5,8.08125,-19.706251,-22.837502
1712536003512,-0.038285162,0.13998012,9.868599,7.635591E-5,-1.5271181E-4,-1.5271181E-4,7.9875,-19.743752,-22.743752
1712536003714,-0.032303106,0.14027923,9.871291,1.5271181E-4,-2.2906772E-4,-7.635591E-5,7.9687505,-19.725,-22.725
1712536003916,-0.02871387,0.1378864,9.865608,0.0,-3.0542363E-4,0.0,7.9500003,-19.650002,-22.706251
1712536004119,-0.02961118,0.13968103,9.869197,-7.635591E-5,-3.0542363E-4,7.635591E-5,7.89375,-19.6875,-22.743752
1712536004321,-0.034396827,0.1378864,9.869496,-1.5271181E-4,-7.635591E-5,0.0,7.8750005,-19.743752,-22.725
1712536004524,-0.02871387,0.14087744,9.871889,0.0,-1.5271181E-4,-7.635591E-5,7.8562503,-19.81875,-22.612501
1712536004726,-0.028115666,0.14177474,9.87159,7.635591E-5,0.0,-1.5271181E-4,7.9125004,-19.837502,-22.650002
1712536004928,-0.032901313,0.14027923,9.869496,2.2906772E-4,-1.5271181E-4,-1.5271181E-4,7.8187504,-19.78125,-22.6875
1712536005131,-0.027218357,0.14327025,9.872188,0.0,-2.2906772E-4,-3.0542363E-4,7.8750005,-19.743752,-22.6875
1712536005333,-0.031405795,0.14117654,9.8727865,7.635591E-5,-2.2906772E-4,7.635591E-5,7.8,-19.893751,-22.59375
1712536005535,-0.030508488,0.14177474,9.871889,-7.635591E-5,0.0,-7.635591E-5,7.8,-20.00625,-22.63125
1712536005737,-0.029012974,0.14506488,9.871291,-7.635591E-5,-1.5271181E-4,-7.635591E-5,7.8187504,-20.025002,-22.59375
1712536005940,-0.031106694,0.14177474,9.871889,7.635591E-5,-1.5271181E-4,-0.0,7.8562503,-19.9125,-22.575
1712536006144,-0.031405795,0.13668999,9.870992,1.5271181E-4,-2.2906772E-4,-1.5271181E-4,7.9500003,-19.743752,-22.650002
1712536006345,-0.02961118,0.14027923,9.872188,-7.635591E-5,0.0,-7.635591E-5,7.8187504,-19.725,-22.63125
1712536006551,-0.031106694,0.1381855,9.869795,7.635591E-5,-7.635591E-5,-2.2906772E-4,7.8562503,-19.81875,-22.575
1712536006751,-0.031405795,0.14147563,9.871291,2.2906772E-4,-0.0,-2.2906772E-4,7.8375,-19.800001,-22.556252
1712536006955,-0.032303106,0.14057833,9.87159,1.5271181E-4,-7.635591E-5,-0.0,7.93125,-19.650002,-22.5375
1712536007157,-0.032004002,0.14536397,9.868001,0.0,-1.5271181E-4,-2.2906772E-4,7.93125,-19.575,-22.5
1712536007358,-0.02961118,0.14117654,9.872188,-7.635591E-5,-2.2906772E-4,-1.5271181E-4,7.9125004,-19.59375,-22.575
1712536007560,-0.0317049,0.13968103,9.872487,-1.5271181E-4,-0.0,-7.635591E-5,7.8750005,-19.63125,-22.63125
1712536007764,-0.02961118,0.14386846,9.871291,-7.635591E-5,-7.635591E-5,7.635591E-5,7.8375,-19.66875,-22.5375
1712536007966,-0.032004002,0.14267205,9.87159,-7.635591E-5,-1.5271181E-4,-1.5271181E-4,7.89375,-19.743752,-22.556252
1712536008169,-0.030508488,0.14297116,9.870394,7.635591E-5,-0.0,7.635591E-5,7.89375,-19.6875,-22.5375
1712536008370,-0.02841477,0.13908282,9.8727865,-7.635591E-5,-0.0,-7.635591E-5,7.9500003,-19.650002,-22.59375
1712536008572,-0.030508488,0.14207384,9.87159,-0.0,0.0,-0.0,7.93125,-19.725,-22.63125
1712536008774,-0.028115666,0.14327025,9.8727865,-1.5271181E-4,-1.5271181E-4,-7.635591E-5,7.9125004,-19.78125,-22.63125
1712536008977,-0.029312078,0.14117654,9.869496,-2.2906772E-4,-2.2906772E-4,0.0,7.9500003,-19.743752,-22.59375
1712536009179,-0.02961118,0.13609178,9.871291,7.635591E-5,-1.5271181E-4,-0.0,7.93125,-19.743752,-22.518751
1712536009381,-0.027816564,0.13998012,9.872188,-0.0,-0.0,-0.0,7.89375,-19.837502,-22.5375
1712536009584,-0.02961118,0.14177474,9.868897,7.635591E-5,1.5271181E-4,0.0,7.89375,-19.85625,-22.48125
1712536009785,-0.02841477,0.13459627,9.866505,0.0,1.5271181E-4,0.0,7.89375,-19.800001,-22.5375
1712536009990,-0.030209387,0.14027923,9.870992,7.635591E-5,2.2906772E-4,0.0,7.89375,-19.85625,-22.575
1712536010191,-0.030209387,0.14566308,9.873384,-0.0,7.635591E-5,-1.5271181E-4,7.8375,-19.85625,-22.612501
1712536010395,-0.02841477,0.14207384,9.8727865,-3.8177954E-4,1.5271181E-4,-7.635591E-5,7.89375,-19.81875,-22.575
1712536010594,-0.030508488,0.14446667,9.868599,-1.5271181E-4,-0.0,-0.0,7.8750005,-19.81875,-22.5375
1712536010798,-0.025423741,0.14117654,9.870394,0.0,-7.635591E-5,1.5271181E-4,7.93125,-19.85625,-22.59375
1712536011002,-0.035294134,0.14207384,9.869496,2.2906772E-4,-1.5271181E-4,0.0,7.9687505,-19.837502,-22.59375
1712536011204,-0.029012974,0.13878371,9.8727865,7.635591E-5,-7.635591E-5,1.5271181E-4,7.9875,-19.78125,-22.612501
1712536011405,-0.026919255,0.14117654,9.871889,2.2906772E-4,7.635591E-5,2.2906772E-4,7.9500003,-19.875,-22.63125
1712536011606,-0.032303106,0.1378864,9.870094,7.635591E-5,-0.0,-7.635591E-5,7.9687505,-19.893751,-22.66875
1712536011809,-0.030209387,0.13908282,9.873982,-0.0,1.5271181E-4,7.635591E-5,7.9875,-19.837502,-22.63125
1712536012012,-0.025722843,0.14177474,9.868001,0.0,3.0542363E-4,-1.5271181E-4,7.9125004,-19.81875,-22.650002
1712536012213,-0.030209387,0.13968103,9.871889,-7.635591E-5,-7.635591E-5,-7.635591E-5,7.9125004,-19.706251,-22.6875
1712536012416,-0.032901313,0.13938192,9.868897,-1.5271181E-4,1.5271181E-4,7.635591E-5,7.9125004,-19.725,-22.66875
1712536012618,-0.027816564,0.13908282,9.867702,-0.0,0.0,0.0,7.9500003,-19.66875,-22.7625
1712536012821,-0.028115666,0.14267205,9.871291,0.0,7.635591E-5,-7.635591E-5,7.93125,-19.650002,-22.800001
1712536013023,-0.032004002,0.14536397,9.870992,-1.5271181E-4,7.635591E-5,-1.5271181E-4,7.9500003,-19.612501,-22.800001
1712536013225,-0.032004002,0.14386846,9.868599,-7.635591E-5,1.5271181E-4,-0.0,7.9125004,-19.5375,-22.66875
1712536013428,-0.031405795,0.13848461,9.870094,7.635591E-5,-7.635591E-5,0.0,7.89375,-19.59375,-22.706251
1712536013631,-0.032901313,0.14117654,9.868599,-0.0,-0.0,-7.635591E-5,7.9687505,-19.650002,-22.6875
1712536013831,-0.029312078,0.13848461,9.869795,-7.635591E-5,1.5271181E-4,2.2906772E-4,8.043751,-19.575,-22.66875
1712536014034,-0.027218357,0.13998012,9.872188,0.0,7.635591E-5,-7.635591E-5,8.00625,-19.5375,-22.63125
1712536014237,-0.0317049,0.13938192,9.870692,-7.635591E-5,-7.635591E-5,7.635591E-5,7.9500003,-19.63125,-22.5375
1712536014439,-0.030508488,0.14057833,9.871291,7.635591E-5,7.635591E-5,-0.0,7.9125004,-19.66875,-22.5375
1712536014641,-0.031106694,0.14297116,9.869795,2.2906772E-4,7.635591E-5,0.0,7.9125004,-19.6875,-22.5375
1712536014844,-0.030508488,0.14207384,9.875179,7.635591E-5,-7.635591E-5,0.0,7.89375,-19.706251,-22.48125
1712536015047,-0.026919255,0.14356937,9.873982,-0.0,7.635591E-5,0.0,7.9125004,-19.7625,-22.462502
1712536015249,-0.032004002,0.14267205,9.872188,2.2906772E-4,1.5271181E-4,2.2906772E-4,7.89375,-19.837502,-22.48125
1712536015451,-0.02961118,0.14117654,9.875777,-0.0,-7.635591E-5,1.5271181E-4,7.8187504,-19.81875,-22.5375
1712536015654,-0.02751746,0.13848461,9.871889,0.0,2.2906772E-4,1.5271181E-4,7.8,-19.78125,-22.5
1712536015855,-0.033499517,0.13938192,9.872487,-0.0,2.2906772E-4,-7.635591E-5,7.8187504,-19.725,-22.612501
1712536016058,-0.027218357,0.14297116,9.869795,7.635591E-5,-0.0,-0.0,7.8562503,-19.66875,-22.556252
1712536016262,-0.028115666,0.13938192,9.869496,-0.0,1.5271181E-4,1.5271181E-4,7.89375,-19.706251,-22.650002
1712536016463,-0.027816564,0.13878371,9.871889,-0.0,-7.635591E-5,0.0,7.9687505,-19.725,-22.706251
1712536016668,-0.027218357,0.1372882,9.869795,0.0,2.2906772E-4,-1.5271181E-4,8.025001,-19.63125,-22.743752
1712536016868,-0.028115666,0.14027923,9.871291,0.0,7.635591E-5,-7.635591E-5,8.00625,-19.63125,-22.6875
1712536017068,-0.030807592,0.1381855,9.870394,-7.635591E-5,7.635591E-5,-7.635591E-5,8.025001,-19.650002,-22.66875
1712536017272,-0.03260221,0.14057833,9.869496,-0.0,7.635591E-5,-7.635591E-5,8.00625,-19.7625,-22.63125
1712536017475,-0.02751746,0.14267205,9.870992,-7.635591E-5,2.2906772E-4,7.635591E-5,8.00625,-19.837502,-22.612501
1712536017677,-0.02961118,0.13878371,9.875777,-0.0,1.5271181E-4,-7.635591E-5,8.0625,-19.85625,-22.59375
1712536017879,-0.030209387,0.14386846,9.8682995,-0.0,0.0,-7.635591E-5,8.043751,-19.7625,-22.5
1712536018082,-0.0317049,0.14267205,9.869496,1.5271181E-4,7.635591E-5,1.5271181E-4,8.00625,-19.725,-22.48125
1712536018283,-0.02871387,0.14177474,9.873384,7.635591E-5,-7.635591E-5,7.635591E-5,7.9500003,-19.725,-22.425001
1712536018486,-0.029312078,0.13938192,9.873684,-7.635591E-5,-0.0,0.0,7.9500003,-19.800001,-22.462502
1712536018691,-0.029312078,0.14177474,9.870992,-7.635591E-5,-7.635591E-5,7.635591E-5,7.93125,-19.875,-22.462502
1712536018891,-0.02961118,0.14027923,9.873982,-7.635591E-5,1.5271181E-4,-7.635591E-5,7.9687505,-19.85625,-22.5
1712536019094,-0.030508488,0.14416756,9.868897,-7.635591E-5,-7.635591E-5,1.5271181E-4,8.043751,-19.725,-22.5
1712536019297,-0.02961118,0.14297116,9.866804,0.0,-1.5271181E-4,0.0,7.93125,-19.78125,-22.48125
1712536019498,-0.02841477,0.14177474,9.870992,-7.635591E-5,-0.0,0.0,7.89375,-19.9125,-22.5
1712536019703,-0.02871387,0.14177474,9.871291,-0.0,-0.0,-7.635591E-5,7.9125004,-19.875,-22.5375
1712536019902,-0.02841477,0.14416756,9.8727865,-0.0,-1.5271181E-4,0.0,7.9125004,-19.893751,-22.5375
1712536020107,-0.029312078,0.14117654,9.868897,-1.5271181E-4,7.635591E-5,7.635591E-5,7.9687505,-19.85625,-22.5375
1712536020307,-0.0317049,0.14057833,9.870692,-7.635591E-5,-7.635591E-5,-1.5271181E-4,7.93125,-19.85625,-22.556252
1712536020510,-0.03260221,0.13878371,9.868599,-1.5271181E-4,1.5271181E-4,0.0,7.89375,-19.837502,-22.48125
1712536020714,-0.029910283,0.14267205,9.869795,-0.0,-2.2906772E-4,-0.0,7.8750005,-19.95,-22.44375
1712536020915,-0.02751746,0.13968103,9.869795,7.635591E-5,-1.5271181E-4,7.635591E-5,7.8562503,-19.893751,-22.48125
1712536021118,-0.028115666,0.1381855,9.870394,-0.0,2.2906772E-4,1.5271181E-4,7.93125,-19.800001,-22.462502
1712536021317,-0.028115666,0.14327025,9.871889,-0.0,7.635591E-5,2.2906772E-4,7.9500003,-19.837502,-22.48125
1712536021522,-0.026021946,0.13938192,9.873384,-0.0,-0.0,-7.635591E-5,7.9687505,-19.893751,-22.44375
1712536021725,-0.030508488,0.14297116,9.868001,1.5271181E-4,-1.5271181E-4,0.0,7.9500003,-19.85625,-22.425001
1712536021927,-0.02841477,0.14536397,9.873085,-7.635591E-5,-7.635591E-5,-0.0,8.025001,-19.800001,-22.3875
1712536022129,-0.027816564,0.14476576,9.869795,7.635591E-5,1.5271181E-4,1.5271181E-4,7.9875,-19.6875,-22.518751
1712536022330,-0.02871387,0.14297116,9.873684,-0.0,1.5271181E-4,-7.635591E-5,7.93125,-19.650002,-22.575
1712536022533,-0.031106694,0.13908282,9.868599,1.5271181E-4,-0.0,0.0,7.9687505,-19.725,-22.556252
1712536022735,-0.026620151,0.14267205,9.872188,1.5271181E-4,-2.2906772E-4,-1.5271181E-4,7.9875,-19.706251,-22.5
1712536022939,-0.029910283,0.13878371,9.870394,-7.635591E-5,2.2906772E-4,7.635591E-5,7.9875,-19.743752,-22.462502
1712536023141,-0.032303106,0.13968103,9.870992,-7.635591E-5,-7.635591E-5,-0.0,8.0625,-19.66875,-22.556252
1712536023342,-0.02961118,0.14207384,9.870094,-1.5271181E-4,1.5271181E-4,-0.0,8.08125,-19.66875,-22.556252
1712536023546,-0.030209387,0.13878371,9.871889,-1.5271181E-4,-1.5271181E-4,1.5271181E-4,8.025001,-19.725,-22.612501
1712536023748,-0.032303106,0.13938192,9.870692,-0.0,2.2906772E-4,0.0,8.0625,-19.78125,-22.556252
1712536023951,-0.030508488,0.13908282,9.869496,7.635591E-5,-7.635591E-5,-7.635591E-5,8.175,-19.78125,-22.518751
1712536024153,-0.029012974,0.13878371,9.87159,-0.0,-0.0,-1.5271181E-4,8.212501,-19.706251,-22.575
1712536024354,-0.0317049,0.14207384,9.87159,7.635591E-5,-1.5271181E-4,-0.0,8.212501,-19.706251,-22.63125
1712536024556,-0.02961118,0.1369891,9.870094,-2.2906772E-4,3.0542363E-4,7.635591E-5,8.137501,-19.725,-22.66875
1712536024760,-0.032303106,0.1468595,9.870992,-2.2906772E-4,0.0,0.0,8.043751,-19.706251,-22.612501
1712536024962,-0.02871387,0.14207384,9.870992,-1.5271181E-4,-1.5271181E-4,7.635591E-5,8.043751,-19.650002,-22.612501
1712536025165,-0.03260221,0.13998012,9.870394,7.635591E-5,1.5271181E-4,-7.635591E-5,8.043751,-19.612501,-22.612501
1712536025365,-0.025722843,0.13938192,9.870992,1.5271181E-4,-7.635591E-5,-7.635591E-5,8.08125,-19.575,-22.575
1712536025567,-0.029312078,0.14087744,9.869496,0.0,1.5271181E-4,0.0,8.043751,-19.66875,-22.612501
1712536025771,-0.029312078,0.1369891,9.869197,-7.635591E-5,-0.0,7.635591E-5,8.043751,-19.743752,-22.612501
1712536025972,-0.024825536,0.13878371,9.870394,1.5271181E-4,-1.5271181E-4,1.5271181E-4,8.043751,-19.800001,-22.556252
1712536026174,-0.034097724,0.13968103,9.870394,0.0,1.5271181E-4,0.0,8.08125,-19.743752,-22.518751
1712536026377,-0.03260221,0.14027923,9.867402,-0.0,1.5271181E-4,-2.2906772E-4,8.1,-19.78125,-22.5375
1712536026581,-0.02871387,0.14117654,9.871291,7.635591E-5,-1.5271181E-4,0.0,8.043751,-19.931252,-22.556252
1712536026783,-0.032004002,0.13878371,9.869496,-7.635591E-5,0.0,1.5271181E-4,8.043751,-19.931252,-22.5
1712536026986,-0.034097724,0.13668999,9.870692,7.635591E-5,-7.635591E-5,-7.635591E-5,8.0625,-19.95,-22.48125
1712536027187,-0.02841477,0.1381855,9.869197,0.0,-7.635591E-5,0.0,8.025001,-19.931252,-22.5
1712536027389,-0.025423741,0.14177474,9.87159,-2.2906772E-4,7.635591E-5,-1.5271181E-4,7.9687505,-19.85625,-22.518751
1712536027592,-0.02841477,0.13968103,9.870394,-7.635591E-5,1.5271181E-4,-7.635591E-5,7.9500003,-19.875,-22.612501
1712536027794,-0.032303106,0.14297116,9.870992,-1.5271181E-4,7.635591E-5,-7.635591E-5,7.93125,-19.893751,-22.66875
1712536027996,-0.02871387,0.13668999,9.868001,-7.635591E-5,1.5271181E-4,0.0,7.9125004,-19.9125,-22.575
1712536028199,-0.028115666,0.13938192,9.868897,-1.5271181E-4,7.635591E-5,-7.635591E-5,7.9125004,-19.78125,-22.5
1712536028400,-0.028115666,0.14027923,9.873085,-0.0,-1.5271181E-4,-0.0,7.89375,-19.7625,-22.59375
1712536028602,-0.032303106,0.13998012,9.869795,0.0,1.5271181E-4,-7.635591E-5,7.8562503,-19.81875,-22.59375
1712536028806,-0.02961118,0.1369891,9.868001,1.5271181E-4,1.5271181E-4,-0.0,7.89375,-19.725,-22.556252
1712536029007,-0.02871387,0.13908282,9.87159,-1.5271181E-4,-1.5271181E-4,7.635591E-5,7.9500003,-19.706251,-22.48125
1712536029211,-0.028115666,0.14147563,9.87159,0.0,-1.5271181E-4,-7.635591E-5,7.9500003,-19.650002,-22.462502
1712536029411,-0.029012974,0.13848461,9.870692,7.635591E-5,7.635591E-5,0.0,7.9875,-19.650002,-22.44375
1712536029614,-0.02841477,0.13968103,9.873982,-0.0,-1.5271181E-4,1.5271181E-4,7.9875,-19.650002,-22.5375
1712536029816,-0.029012974,0.13369897,9.869795,-7.635591E-5,-1.5271181E-4,0.0,8.00625,-19.7625,-22.5375
1712536030019,-0.027218357,0.1381855,9.873384,-0.0,7.635591E-5,0.0,8.025001,-19.800001,-22.462502
1712536030223,-0.029312078,0.14237295,9.870394,-0.0,1.5271181E-4,0.0,8.08125,-19.800001,-22.5375
1712536030423,-0.030209387,0.13908282,9.872487,-1.5271181E-4,-7.635591E-5,7.635591E-5,8.1,-19.893751,-22.5375
1712536030626,-0.026919255,0.14147563,9.870394,-0.0,0.0,1.5271181E-4,8.025001,-19.95,-22.59375
1712536030829,-0.027218357,0.13758731,9.872188,-0.0,1.5271181E-4,7.635591E-5,7.9875,-19.931252,-22.612501
1712536031032,-0.027816564,0.14177474,9.8727865,7.635591E-5,-1.5271181E-4,0.0,8.025001,-19.875,-22.556252
1712536031232,-0.02871387,0.13938192,9.8727865,0.0,7.635591E-5,7.635591E-5,8.0625,-19.81875,-22.612501
1712536031435,-0.033499517,0.14297116,9.8682995,0.0,-7.635591E-5,-1.5271181E-4,8.043751,-19.81875,-22.66875
1712536031637,-0.030508488,0.13549358,9.876375,-7.635591E-5,7.635591E-5,-0.0,7.9875,-19.7625,-22.63125
1712536031840,-0.026919255,0.14237295,9.871889,0.0,1.5271181E-4,-0.0,7.93125,-19.725,-22.63125
1712536032040,-0.030807592,0.13998012,9.87159,0.0,7.635591E-5,7.635591E-5,7.9687505,-19.6875,-22.63125
1712536032244,-0.029910283,0.14117654,9.870094,-1.5271181E-4,-7.635591E-5,7.635591E-5,8.00625,-19.800001,-22.575
1712536032448,-0.026919255,0.13938192,9.868599,-7.635591E-5,0.0,7.635591E-5,8.00625,-19.800001,-22.5375
1712536032650,-0.029312078,0.14117654,9.870394,7.635591E-5,7.635591E-5,0.0,8.025001,-19.743752,-22.518751
1712536032853,-0.029910283,0.14027923,9.869795,-1.5271181E-4,7.635591E-5,1.5271181E-4,7.89375,-19.725,-22.44375
1712536033054,-0.030209387,0.14057833,9.871291,0.0,2.2906772E-4,1.5271181E-4,7.9500003,-19.66875,-22.425001
1712536033256,-0.032901313,0.14027923,9.871291,7.635591E-5,-0.0,7.635591E-5,7.8750005,-19.706251,-22.44375
1712536033458,-0.0317049,0.13878371,9.870992,7.635591E-5,0.0,-7.635591E-5,7.8750005,-19.725,-22.425001
1712536033663,-0.032901313,0.13848461,9.8682995,-1.5271181E-4,-0.0,1.5271181E-4,7.9500003,-19.6875,-22.368752
1712536033866,-0.0317049,0.14057833,9.872188,-7.635591E-5,1.5271181E-4,-7.635591E-5,7.9500003,-19.556252,-22.40625
1712536034067,-0.031106694,0.14117654,9.871889,-7.635591E-5,-0.0,1.5271181E-4,7.93125,-19.650002,-22.48125
1712536034268,-0.031106694,0.13908282,9.871291,-7.635591E-5,-7.635591E-5,0.0,7.89375,-19.800001,-22.425001
1712536034470,-0.02871387,0.14057833,9.875777,-7.635591E-5,-1.5271181E-4,0.0,8.00625,-19.931252,-22.48125
1712536034672,-0.02961118,0.14356937,9.873085,-1.5271181E-4,-0.0,1.5271181E-4,7.9500003,-20.025002,-22.425001
1712536034874,-0.02632105,0.14117654,9.870394,0.0,2.2906772E-4,7.635591E-5,8.025001,-20.081251,-22.368752
1712536035078,-0.033499517,0.13668999,9.870992,7.635591E-5,7.635591E-5,0.0,8.0625,-20.081251,-22.3875
1712536035279,-0.033200413,0.13998012,9.8727865,0.0,0.0,-1.5271181E-4,8.025001,-20.081251,-22.518751
1712536035482,-0.034396827,0.14416756,9.870992,-0.0,0.0,0.0,7.9500003,-20.1,-22.518751
1712536035686,-0.02871387,0.14057833,9.871291,-7.635591E-5,-0.0,1.5271181E-4,7.93125,-20.025002,-22.518751
1712536035887,-0.030209387,0.14087744,9.868897,-7.635591E-5,1.5271181E-4,1.5271181E-4,7.9500003,-19.987501,-22.556252
1712536036090,-0.027816564,0.14356937,9.873085,-2.2906772E-4,7.635591E-5,1.5271181E-4,7.89375,-19.931252,-22.59375
1712536036289,-0.02751746,0.14207384,9.865608,-7.635591E-5,2.2906772E-4,2.2906772E-4,7.93125,-19.837502,-22.612501
1712536036495,-0.034396827,0.14207384,9.871291,-1.5271181E-4,-7.635591E-5,1.5271181E-4,7.9125004,-19.875,-22.650002
1712536036698,-0.032004002,0.13968103,9.870394,-7.635591E-5,-3.0542363E-4,7.635591E-5,7.89375,-19.875,-22.575
1712536036898,-0.029910283,0.14177474,9.872188,7.635591E-5,0.0,7.635591E-5,7.93125,-19.875,-22.518751
1712536037100,-0.030807592,0.14177474,9.869197,-0.0,7.635591E-5,0.0,7.9687505,-19.85625,-22.462502
1712536037303,-0.02961118,0.14267205,9.870094,7.635591E-5,7.635591E-5,-7.635591E-5,7.9500003,-19.875,-22.462502
1712536037507,-0.030508488,0.13968103,9.870094,-7.635591E-5,-2.2906772E-4,2.2906772E-4,7.9875,-19.81875,-22.575
1712536037709,-0.029312078,0.14147563,9.868001,1.5271181E-4,7.635591E-5,-7.635591E-5,8.025001,-19.7625,-22.556252
1712536037908,-0.026919255,0.13908282,9.867402,-0.0,0.0,0.0,8.043751,-19.800001,-22.556252
