Timestamp,AccX,AccY,AccZ,GyroX,GyroY,GyroZ,MagX,MagY,MagZ
1706746399642,0.0,0.0,0.0,-2.2906772E-4,-7.635591E-4,8.39915E-4,107.231255,-95.137505,29.531252
1706746399844,0.0020753432,5.976707E-4,0.0047807693,-3.0542363E-4,-5.344914E-4,9.926268E-4,107.418755,-94.950005,29.456251
1706746400046,-0.0021166047,-0.0011601299,0.0025758743,-3.0542363E-4,-5.344914E-4,8.39915E-4,107.568756,-94.9875,29.400002
1706746400249,-0.0011619293,0.002592221,0.0014953613,-3.8177954E-4,-3.8177954E-4,8.39915E-4,107.7375,-94.9875,29.437502
1706746400451,-0.0035499162,-0.0011976212,0.0015239716,-2.2906772E-4,-3.0542363E-4,9.926268E-4,107.662506,-94.875,29.5125
1706746400654,-0.0056342455,3.427714E-4,0.0012359619,-4.5813544E-4,-2.2906772E-4,9.926268E-4,107.68125,-94.4625,29.6625
1706746400856,0.0028483106,0.0022747517,0.0011253357,-1.5271181E-4,-3.0542363E-4,0.0010689828,107.64375,-94.275,29.831251
1706746401059,-0.0014896825,0.0017437339,-0.0011539459,-3.0542363E-4,-6.1084726E-4,0.0010689828,107.700005,-94.106255,29.812502
1706746401260,-0.0016884138,7.4474514E-4,0.0017309189,-3.0542363E-4,-4.5813544E-4,0.0012216945,107.700005,-93.80625,29.868752
1706746401463,-0.002042156,2.7054548E-4,9.937286E-4,-4.5813544E-4,-3.8177954E-4,0.0010689828,107.662506,-93.58125,30.000002
1706746401665,-7.992075E-4,-0.0012610406,-8.6402893E-4,-3.0542363E-4,-3.8177954E-4,0.0010689828,107.662506,-93.356255,30.056252
1706746401867,-0.0024726645,-1.1770427E-4,-0.0014181137,-3.8177954E-4,-3.0542363E-4,0.0010689828,107.49375,-93.09375,30.206251
1706746402070,-0.001763503,0.0024263114,4.940033E-4,-2.2906772E-4,-2.2906772E-4,9.162709E-4,107.55,-92.9625,30.300001
1706746402272,-0.0010668003,0.0017687827,0.001994133,-3.8177954E-4,-3.8177954E-4,0.0012216945,107.53126,-93.037506,30.31875
1706746402474,-0.0037183787,0.0024338067,-0.0027036667,-3.0542363E-4,-3.8177954E-4,9.926268E-4,107.606255,-92.9625,30.243752
1706746402677,-0.0022149142,0.0019653738,-6.7043304E-4,-3.8177954E-4,-2.2906772E-4,9.926268E-4,107.68125,-92.925,30.225
1706746402879,-0.0039473856,-0.002070427,0.0016746521,-3.0542363E-4,-3.8177954E-4,8.39915E-4,107.775,-92.943756,30.243752
1706746403081,0.0015462824,0.0019249171,-0.0013227463,-3.8177954E-4,-3.0542363E-4,9.162709E-4,107.850006,-92.850006,30.206251
1706746403284,-0.0028070824,4.8539042E-4,0.0014677048,-3.0542363E-4,-3.8177954E-4,9.162709E-4,107.793755,-92.71875,30.300001
1706746403486,-0.0020640404,0.0023014098,0.001121521,-4.5813544E-4,-5.344914E-4,7.635591E-4,107.90626,-92.662506,30.13125
1706746403688,9.766237E-4,0.0031671822,-7.02858E-4,-3.0542363E-4,-4.5813544E-4,7.635591E-4,107.9625,-92.625,30.056252
1706746403891,-0.0020886825,-9.094179E-5,0.0012731552,-3.8177954E-4,-5.344914E-4,8.39915E-4,107.90626,-92.83125,30.000002
1706746404093,-0.0027227106,0.0028264523,4.6253204E-4,-3.8177954E-4,-3.8177954E-4,6.8720314E-4,107.86875,-92.83125,29.98125
1706746404295,-8.578929E-4,0.0015036315,-0.001748085,-1.5271181E-4,-1.5271181E-4,7.635591E-4,107.775,-92.943756,29.94375
1706746404497,-0.004069417,0.0030127019,4.2629242E-4,-3.0542363E-4,-3.8177954E-4,9.162709E-4,107.775,-92.925,29.962502
1706746404700,-1.3058756E-4,-6.1386824E-4,0.0017223358,-2.2906772E-4,-3.0542363E-4,8.39915E-4,107.81251,-93.01875,29.868752
1706746404902,-0.001909093,-0.002006635,0.002661705,-2.2906772E-4,-3.0542363E-4,8.39915E-4,107.793755,-93.0,29.94375
1706746405111,-0.0023748898,0.0039787143,0.0015420914,-3.0542363E-4,-3.0542363E-4,9.162709E-4,107.7375,-93.0,30.018751
1706746405306,9.6443476E-4,0.0031820387,-0.0020914078,-2.2906772E-4,-3.8177954E-4,6.1084726E-4,107.793755,-92.83125,29.962502
1706746405509,1.0748592E-4,0.0032599717,0.0018663406,-3.0542363E-4,-4.5813544E-4,8.39915E-4,107.775,-92.775,30.018751
1706746405713,-0.0016346136,0.0024764687,-5.836487E-4,-3.0542363E-4,-3.0542363E-4,6.1084726E-4,107.793755,-92.64375,30.000002
1706746405913,-0.004239578,4.3609738E-4,5.893707E-4,-3.8177954E-4,-4.5813544E-4,6.8720314E-4,107.71876,-92.5875,29.906252
1706746406115,-4.724473E-4,2.924651E-4,0.0012979507,-3.8177954E-4,-3.8177954E-4,7.635591E-4,107.756256,-92.68125,29.831251
1706746406318,-2.7897616E-4,-6.0658157E-4,4.825592E-4,-7.635591E-5,-4.5813544E-4,6.8720314E-4,107.7375,-92.606255,29.831251
1706746406520,0.0019089486,0.0015325993,6.942749E-4,-3.8177954E-4,-2.2906772E-4,7.635591E-4,107.756256,-92.5875,29.75625
1706746406723,3.225461E-4,-0.0018691719,3.0994415E-4,-7.635591E-5,-3.0542363E-4,7.635591E-4,107.756256,-92.49375,29.681252
1706746406925,-0.0016809425,0.0020958185,7.324219E-4,-3.0542363E-4,-3.0542363E-4,7.635591E-4,107.81251,-92.325005,29.6625
1706746407128,-0.0014599388,-1.2636185E-4,0.0027666092,-7.635591E-5,-1.5271181E-4,7.635591E-4,107.86875,-92.381256,29.643751
1706746407330,-5.1769684E-4,0.0018131286,0.0016870499,-3.0542363E-4,-3.8177954E-4,6.8720314E-4,107.850006,-92.4,29.737501
1706746407532,-0.0011023071,0.003339216,3.5572052E-4,-3.8177954E-4,-4.5813544E-4,5.344914E-4,107.86875,-92.45625,29.868752
1706746407735,-0.0024817907,4.0014088E-4,-0.0013608932,-2.2906772E-4,-3.8177954E-4,7.635591E-4,107.756256,-92.4375,29.962502
1706746407936,5.580797E-4,7.941276E-4,0.0023565292,-1.5271181E-4,-7.635591E-5,5.344914E-4,107.756256,-92.53125,30.075
1706746408139,-0.004637493,0.0021243244,-0.0011701584,-2.2906772E-4,-3.0542363E-4,6.8720314E-4,107.775,-92.5875,30.187502
1706746408341,0.0017004735,-0.0016587377,0.0035419464,-3.8177954E-4,7.635591E-5,8.39915E-4,107.71876,-92.625,30.187502
1706746408544,-0.0018975891,0.0013992637,-9.851456E-4,-2.2906772E-4,-1.5271181E-4,6.8720314E-4,107.700005,-92.700005,30.225
1706746408745,0.0029174278,0.0021811873,-0.0011129379,-7.635591E-5,-1.5271181E-4,8.39915E-4,107.68125,-92.71875,30.206251
1706746408948,-0.0028789903,0.0020629615,0.0011510849,-3.8177954E-4,-3.8177954E-4,7.635591E-4,107.756256,-92.793755,30.2625
1706746409150,-0.0042722174,7.700175E-4,-4.5681E-4,-3.8177954E-4,-1.5271181E-4,8.39915E-4,107.775,-92.83125,30.225
1706746409353,-0.0042167064,0.0015750676,5.273819E-4,-2.2906772E-4,-1.5271181E-4,8.39915E-4,107.850006,-92.793755,30.150002
1706746409555,0.0020568783,-0.0015319586,3.9100647E-5,-3.8177954E-4,-3.0542363E-4,6.8720314E-4,107.86875,-92.68125,30.150002
1706746409757,-0.0028801372,0.0024725199,9.326935E-4,-2.2906772E-4,-1.5271181E-4,8.39915E-4,107.850006,-92.68125,30.112501
1706746409960,-5.1879324E-5,0.0022581369,8.201599E-5,-4.5813544E-4,-1.5271181E-4,5.344914E-4,107.86875,-92.662506,30.206251
1706746410162,-2.5928492E-4,-1.6763806E-4,6.570816E-4,-2.2906772E-4,-3.0542363E-4,6.8720314E-4,107.83125,-92.887505,30.16875
1706746410364,6.64596E-4,0.0019001812,-0.0020742416,-2.2906772E-4,-1.5271181E-4,8.39915E-4,107.81251,-92.86875,30.150002
1706746410566,-8.21962E-6,8.1060827E-4,5.865097E-4,-3.0542363E-4,-1.5271181E-4,9.162709E-4,107.71876,-92.925,30.150002
1706746410769,-0.0037229038,-6.3702464E-5,2.3078918E-4,-4.5813544E-4,-3.8177954E-4,6.1084726E-4,107.7375,-92.8125,30.16875
1706746410971,-8.685002E-5,0.002920881,0.0019702911,-3.8177954E-4,-2.2906772E-4,6.8720314E-4,107.700005,-92.850006,30.2625
1706746411173,-0.0013455073,0.002631858,-5.9223175E-4,-3.0542363E-4,-1.5271181E-4,9.162709E-4,107.700005,-92.83125,30.206251
1706746411376,-0.0029037497,0.0018673688,-0.0023756027,-3.0542363E-4,-7.635591E-5,6.8720314E-4,107.662506,-92.756256,30.281252
1706746411578,-0.0017429036,0.0013628602,5.3596497E-4,-3.8177954E-4,-7.635591E-5,8.39915E-4,107.775,-92.7375,30.187502
1706746411780,0.0024950043,5.2805245E-4,0.001490593,-3.8177954E-4,7.635591E-5,6.8720314E-4,107.887505,-92.49375,30.16875
1706746411983,0.0013285835,-0.0020046681,-0.0015945435,-2.2906772E-4,-1.5271181E-4,6.1084726E-4,107.925,-92.45625,30.2625
1706746412184,-0.001233158,0.0014750063,-0.0019817352,-2.2906772E-4,-7.635591E-5,6.8720314E-4,107.90626,-92.381256,30.225
1706746412387,-0.0027555088,0.0041359365,-2.641678E-4,-4.5813544E-4,-3.0542363E-4,6.8720314E-4,107.86875,-92.475006,30.243752
1706746412589,3.1370204E-5,0.0021875948,5.7697296E-4,-3.0542363E-4,-7.635591E-5,6.8720314E-4,107.86875,-92.53125,30.187502
1706746412792,3.3589173E-4,0.0029410273,-6.093979E-4,-3.0542363E-4,-7.635591E-5,6.1084726E-4,107.887505,-92.64375,30.16875
1706746412994,-0.0020118363,-6.22645E-4,-0.0010194778,-3.0542363E-4,-2.2906772E-4,6.8720314E-4,107.793755,-92.71875,30.093752
1706746413197,8.2793576E-4,0.001066193,6.8187714E-4,-3.0542363E-4,-1.5271181E-4,6.8720314E-4,107.756256,-92.756256,30.112501
1706746413398,-5.159236E-5,4.0903687E-4,0.0017375946,-3.8177954E-4,-1.5271181E-4,7.635591E-4,107.700005,-92.775,30.225
1706746413601,3.8916303E-4,-3.3417344E-4,-0.0015087128,-3.8177954E-4,-1.5271181E-4,7.635591E-4,107.62501,-92.850006,30.13125
1706746413803,-0.0023834633,0.0028898418,0.0032453537,-2.2906772E-4,2.2906772E-4,6.8720314E-4,107.64375,-92.756256,30.187502
1706746414006,6.6355255E-4,0.0012049675,7.8868866E-4,-3.0542363E-4,1.5271181E-4,6.8720314E-4,107.68125,-92.700005,30.206251
1706746414208,-0.0013687913,0.0022460222,-0.0025939941,-2.2906772E-4,0.0,6.8720314E-4,107.68125,-92.568756,30.225
1706746414410,0.0011471324,5.504489E-4,0.0010728836,-5.344914E-4,-0.0,6.8720314E-4,107.606255,-92.7375,30.281252
1706746414612,-0.0014697684,-5.811751E-4,-4.3201447E-4,-3.8177954E-4,-1.5271181E-4,5.344914E-4,107.662506,-92.793755,30.281252
1706746414817,4.7776804E-4,0.001778841,-4.4727325E-4,-3.8177954E-4,-0.0,6.1084726E-4,107.568756,-92.8125,30.337502
1706746415017,-0.0025295424,0.0051340163,0.0012159348,-7.635591E-5,-2.2906772E-4,7.635591E-4,107.568756,-92.7375,30.2625
1706746415219,0.0031869141,-0.0013236403,-2.593994E-4,-4.5813544E-4,-7.635591E-5,6.1084726E-4,107.5875,-92.68125,30.35625
1706746415422,0.0014885282,-0.0015319735,6.5898895E-4,-1.5271181E-4,-7.635591E-5,6.1084726E-4,107.55,-92.793755,30.300001
1706746415624,9.987038E-4,0.003157571,-2.5081635E-4,-3.0542363E-4,-1.5271181E-4,6.8720314E-4,107.45625,-92.775,30.375002
1706746415827,-0.0015978707,0.0029402524,6.6280365E-4,-2.2906772E-4,1.5271181E-4,6.1084726E-4,107.418755,-92.793755,30.35625
1706746416030,-2.9465766E-4,-9.128451E-5,-5.5122375E-4,-3.8177954E-4,0.0,6.8720314E-4,107.45625,-92.606255,30.281252
1706746416231,2.7245528E-4,0.0017297417,0.0015964508,-4.5813544E-4,7.635591E-5,6.1084726E-4,107.53126,-92.49375,30.2625
1706746416433,3.4307525E-4,9.648055E-4,-0.0018291473,-3.8177954E-4,-1.5271181E-4,4.5813544E-4,107.568756,-92.512505,30.337502
1706746416635,-0.0011627906,0.0017048866,4.4727325E-4,-2.2906772E-4,7.635591E-5,6.1084726E-4,107.49375,-92.606255,30.35625
1706746416838,2.935885E-4,-1.912415E-4,-0.0017595291,-3.8177954E-4,-7.635591E-5,6.8720314E-4,107.512505,-92.700005,30.2625
1706746417040,0.001461585,0.0024548024,-0.0026226044,-3.8177954E-4,1.5271181E-4,7.635591E-4,107.49375,-92.700005,30.281252
1706746417243,-0.0030344184,0.0012948364,6.761551E-4,-3.0542363E-4,3.0542363E-4,6.8720314E-4,107.568756,-92.7375,30.225
1706746417444,5.654865E-4,0.0019646734,0.0014324188,-3.8177954E-4,-7.635591E-5,6.8720314E-4,107.62501,-92.850006,30.2625
1706746417647,4.632221E-4,2.4703145E-4,1.8882751E-4,-3.0542363E-4,-1.5271181E-4,6.1084726E-4,107.68125,-92.86875,30.243752
1706746417850,6.6783576E-4,0.0046085715,0.0013341904,-3.8177954E-4,2.2906772E-4,6.1084726E-4,107.606255,-92.943756,30.35625
1706746418051,4.1708403E-4,0.0012487322,-3.3187866E-4,-2.2906772E-4,7.635591E-5,6.8720314E-4,107.700005,-92.925,30.187502
1706746418254,-9.5885585E-4,0.0010584891,9.889603E-4,-2.2906772E-4,2.2906772E-4,6.1084726E-4,107.81251,-92.8125,30.225
1706746418457,0.0014597231,-3.2377243E-4,0.0021762848,-1.5271181E-4,0.0,6.8720314E-4,107.86875,-92.7375,30.206251
1706746418659,0.0026954224,0.0015653968,-0.0015134811,-2.2906772E-4,7.635591E-5,6.8720314E-4,107.925,-92.86875,30.112501
1706746418860,2.4629198E-4,0.00207071,-0.0023069382,-3.8177954E-4,-7.635591E-5,6.8720314E-4,107.925,-92.83125,30.000002
1706746419063,0.0021106182,-0.0011653453,-0.0010128021,-7.635591E-5,0.0,7.635591E-4,107.90626,-92.850006,29.906252
1706746419265,0.0012620736,0.0028303415,9.918213E-4,-3.8177954E-4,-0.0,6.8720314E-4,107.925,-92.793755,29.925001
1706746419468,-4.7782552E-4,4.8069656E-4,0.0011873245,-3.0542363E-4,7.635591E-5,8.39915E-4,107.981255,-93.037506,29.831251
1706746419670,8.719505E-4,0.0021432638,-0.002708435,-2.2906772E-4,7.635591E-5,6.1084726E-4,107.925,-93.075005,29.79375
1706746419873,-0.0020304674,0.001543209,9.994507E-4,-2.2906772E-4,2.2906772E-4,7.635591E-4,107.86875,-93.225006,29.775002
1706746420075,7.511419E-4,-0.0015930086,0.0010404587,-3.0542363E-4,2.2906772E-4,6.8720314E-4,107.850006,-93.20625,29.75625
1706746420277,3.6280486E-4,4.195124E-4,-0.0015153885,-3.8177954E-4,2.2906772E-4,7.635591E-4,107.83125,-93.037506,29.75625
1706746420479,2.47641E-5,-4.004687E-4,0.0013360977,-4.5813544E-4,7.635591E-5,6.1084726E-4,107.887505,-93.0,29.737501
1706746420682,-0.0022893627,0.004672855,-5.607605E-4,-3.8177954E-4,1.5271181E-4,7.635591E-4,107.943756,-92.981255,29.681252
1706746420884,7.6336897E-4,0.0025829226,9.1171265E-4,-2.2906772E-4,7.635591E-5,6.8720314E-4,108.00001,-93.225006,29.531252
1706746421087,-5.804626E-4,8.111745E-4,1.449585E-4,-3.0542363E-4,7.635591E-5,7.635591E-4,108.09376,-92.981255,29.456251
1706746421289,0.0012152876,0.0015663654,-8.9645386E-4,-3.8177954E-4,7.635591E-5,8.39915E-4,108.09376,-92.981255,29.400002
1706746421491,-0.0018396471,-2.849698E-4,2.3078918E-4,-3.8177954E-4,-2.2906772E-4,6.1084726E-4,108.15,-92.90625,29.325
1706746421693,-0.0014127115,-1.1457503E-4,-0.0037260056,-2.2906772E-4,-1.5271181E-4,8.39915E-4,108.15,-92.981255,29.362501
1706746421896,0.0015324267,-0.001105845,0.0037431717,-7.635591E-5,-1.5271181E-4,6.8720314E-4,108.3,-92.981255,29.250002
1706746422100,5.335382E-4,0.0020742267,5.121231E-4,-3.8177954E-4,-1.5271181E-4,6.8720314E-4,108.262505,-92.887505,29.325
1706746422300,-2.8244173E-4,0.0038158596,3.3473969E-4,-3.8177954E-4,-1.5271181E-4,6.8720314E-4,108.225006,-92.700005,29.456251
1706746422502,-6.330874E-4,7.2033703E-4,0.003027916,-3.0542363E-4,0.0,6.1084726E-4,108.15,-92.68125,29.550001
1706746422704,-0.0012485661,0.0037502348,3.4332275E-5,-5.344914E-4,-0.0,6.8720314E-4,108.15,-92.71875,29.6625
1706746422907,0.0012656854,2.9815733E-4,-0.002339363,-3.0542363E-4,-7.635591E-5,6.1084726E-4,108.15,-92.7375,29.6625
1706746423109,0.0027922385,0.001716271,-0.0012598038,-2.2906772E-4,7.635591E-5,7.635591E-4,108.168755,-92.756256,29.7
1706746423312,-0.003214004,-7.297099E-5,-8.4877014E-5,-2.2906772E-4,7.635591E-5,4.5813544E-4,108.1125,-92.83125,29.75625
1706746423514,-2.6804453E-4,0.0031026453,-4.415512E-4,-3.0542363E-4,7.635591E-5,5.344914E-4,108.01875,-92.700005,29.85
1706746423716,2.518944E-4,0.003208682,-4.529953E-4,-3.0542363E-4,1.5271181E-4,8.39915E-4,108.05625,-92.71875,29.79375
1706746423918,2.9086985E-4,0.0011537224,-0.0020570755,-4.5813544E-4,-7.635591E-5,6.1084726E-4,108.075005,-92.775,29.79375
1706746424121,3.5522226E-4,-4.4550002E-4,-9.2220306E-4,-3.8177954E-4,-1.5271181E-4,5.344914E-4,108.037506,-92.86875,29.737501
1706746424323,6.6385185E-4,0.0019787252,7.4863434E-4,-2.2906772E-4,-7.635591E-5,6.8720314E-4,108.01875,-92.793755,29.681252
1706746424525,-7.858628E-5,0.0024980903,-5.722046E-4,-3.8177954E-4,7.635591E-5,6.8720314E-4,107.9625,-92.793755,29.718752
1706746424728,-8.7539555E-4,0.0030321628,0.002272606,-2.2906772E-4,-7.635591E-5,6.1084726E-4,107.981255,-92.775,29.7
1706746424930,-0.0012983883,-0.0017385334,0.0024957657,-3.0542363E-4,-1.5271181E-4,6.1084726E-4,107.9625,-92.86875,29.718752
1706746425133,-3.6347634E-4,0.0026013702,-8.497238E-4,-3.0542363E-4,1.5271181E-4,9.162709E-4,107.925,-93.01875,29.737501
1706746425335,-0.0018258219,-1.6403198E-4,-0.0016355515,-3.8177954E-4,7.635591E-5,6.8720314E-4,107.9625,-93.09375,29.75625
1706746425537,0.002286192,0.00205563,-2.6130676E-4,-3.0542363E-4,-7.635591E-5,6.1084726E-4,107.9625,-93.037506,29.718752
1706746425739,7.36409E-4,9.4880164E-4,-0.0010881424,-1.5271181E-4,0.0,7.635591E-4,107.943756,-92.925,29.681252
1706746425941,-7.5241993E-4,0.0019233674,-8.8214874E-4,-2.2906772E-4,1.5271181E-4,6.8720314E-4,107.981255,-92.981255,29.718752
1706746426143,0.0042196,-0.0024392009,0.0012273788,-4.5813544E-4,7.635591E-5,6.1084726E-4,107.9625,-93.09375,29.6625
1706746426346,7.414089E-4,0.0020235926,-0.0012426376,-4.5813544E-4,1.5271181E-4,4.5813544E-4,107.9625,-93.15,29.493752
1706746426548,0.0013406959,0.0015392452,-9.870529E-4,-2.2906772E-4,7.635591E-5,7.635591E-4,108.01875,-92.981255,29.456251
1706746426751,-0.0014137978,8.738786E-4,0.0021476746,-3.0542363E-4,0.0,6.8720314E-4,108.075005,-92.850006,29.41875
1706746426954,-0.0010435499,0.0040417463,-9.326935E-4,-3.8177954E-4,0.0,6.1084726E-4,108.075005,-92.793755,29.362501
1706746427155,-0.0012937218,0.00121212,7.4100494E-4,-3.0542363E-4,-7.635591E-5,6.8720314E-4,108.037506,-92.850006,29.325
1706746427357,5.563785E-4,6.556064E-4,-0.0014877319,-3.0542363E-4,1.5271181E-4,6.1084726E-4,108.075005,-92.850006,29.343752
1706746427560,-0.0022784853,9.3886256E-4,-0.0012331009,-6.8720314E-4,7.635591E-5,6.8720314E-4,108.075005,-92.756256,29.343752
1706746427762,-0.0026101656,9.304136E-4,2.3365021E-4,-3.0542363E-4,-0.0,6.1084726E-4,108.15,-92.662506,29.250002
1706746427965,-2.4240965E-4,-5.159974E-4,-0.0012216568,-3.8177954E-4,2.2906772E-4,6.8720314E-4,108.15,-92.568756,29.343752
1706746428167,7.6245226E-4,0.0030361563,6.227493E-4,-3.8177954E-4,0.0,6.1084726E-4,108.20625,-92.64375,29.2875
1706746428369,3.2886103E-4,0.0025923848,0.0015506744,-2.2906772E-4,-0.0,6.1084726E-4,108.15,-92.83125,29.212502
1706746428572,0.0036914756,0.004575476,0.0018634796,-3.0542363E-4,1.5271181E-4,5.344914E-4,108.168755,-92.850006,29.343752
1706746428774,-6.458099E-4,0.00396131,-0.0011177063,-3.0542363E-4,-7.635591E-5,6.1084726E-4,108.15,-92.775,29.41875
1706746428976,9.871449E-4,-7.380992E-4,-0.0016641617,-3.8177954E-4,-7.635591E-5,4.5813544E-4,108.168755,-92.86875,29.437502
1706746429179,-0.0020647512,-4.8738718E-4,-3.6144257E-4,-5.344914E-4,-7.635591E-5,5.344914E-4,108.20625,-92.981255,29.475
1706746429381,-8.285298E-4,-2.8695166E-4,-6.275177E-4,-3.8177954E-4,2.2906772E-4,6.1084726E-4,108.20625,-92.9625,29.60625
1706746429583,-5.3955533E-4,0.0017829984,4.1103363E-4,-2.2906772E-4,1.5271181E-4,6.1084726E-4,108.1125,-93.01875,29.625002
1706746429785,-5.7309004E-4,-3.3397973E-4,0.0015630722,-2.2906772E-4,2.2906772E-4,6.8720314E-4,108.01875,-93.05625,29.681252
1706746429988,-1.7838029E-4,0.0012957901,-1.02996826E-4,-3.0542363E-4,1.5271181E-4,6.8720314E-4,108.075005,-92.981255,29.79375
1706746430190,-0.0013630581,-0.0013012588,6.0749054E-4,-2.2906772E-4,-7.635591E-5,6.8720314E-4,108.09376,-92.943756,29.681252
1706746430392,0.0019907784,6.8955123E-4,-3.5953522E-4,-3.8177954E-4,1.5271181E-4,6.1084726E-4,108.225006,-92.981255,29.587502
1706746430595,5.87814E-4,0.0023232847,0.0014982224,-4.5813544E-4,3.0542363E-4,6.1084726E-4,108.24375,-92.83125,29.550001
1706746430797,9.707969E-4,0.0044372827,0.00137043,-3.8177954E-4,-7.635591E-5,6.1084726E-4,108.24375,-92.662506,29.5125
1706746430999,5.0646486E-5,-5.354285E-4,-0.0012197495,-2.2906772E-4,-1.5271181E-4,4.5813544E-4,108.24375,-92.625,29.325
1706746431202,-0.0012078276,-0.0010426491,7.762909E-4,-2.2906772E-4,7.635591E-5,6.1084726E-4,108.28126,-92.512505,29.343752
1706746431404,0.001646306,0.0032928735,2.8419495E-4,-3.8177954E-4,2.2906772E-4,5.344914E-4,108.318756,-92.512505,29.343752
1706746431606,0.0012619249,1.4485419E-4,0.0023851395,-3.8177954E-4,7.635591E-5,6.1084726E-4,108.356255,-92.4,29.175001
1706746431808,0.0022613306,0.001123473,8.993149E-4,-4.5813544E-4,0.0,5.344914E-4,108.262505,-92.475006,29.23125
1706746432011,-2.3181485E-4,0.002423644,-0.0014600754,-3.8177954E-4,-7.635591E-5,5.344914E-4,108.1125,-92.4,29.306252
1706746432213,0.0011902833,4.7443807E-4,0.0022115707,-2.2906772E-4,7.635591E-5,6.1084726E-4,108.1125,-92.418755,29.38125
1706746432416,6.529894E-4,0.003507629,-0.003241539,-3.8177954E-4,7.635591E-5,6.1084726E-4,108.131256,-92.4375,29.362501
1706746432618,6.3989346E-4,0.002031371,-0.0015573502,-2.2906772E-4,0.0,5.344914E-4,108.15,-92.418755,29.400002
1706746432820,4.726242E-4,0.0018855035,-7.4005127E-4,-2.2906772E-4,-0.0,7.635591E-4,108.1125,-92.4375,29.343752
1706746433022,1.3624888E-4,0.0016710013,1.8692017E-4,-2.2906772E-4,-0.0,6.1084726E-4,108.131256,-92.3625,29.325
1706746433225,-0.0017941929,-0.0016211718,-4.1103363E-4,-2.2906772E-4,1.5271181E-4,5.344914E-4,108.037506,-92.49375,29.41875
1706746433427,1.0805932E-4,-1.3120472E-4,-9.651184E-4,-3.8177954E-4,-7.635591E-5,5.344914E-4,108.1125,-92.625,29.343752
1706746433629,5.8006716E-4,0.001886934,-4.1007996E-5,-2.2906772E-4,1.5271181E-4,6.1084726E-4,108.18751,-92.64375,29.325
1706746433832,2.9154064E-4,0.0013346225,-3.376007E-4,-3.0542363E-4,3.0542363E-4,6.1084726E-4,108.168755,-92.756256,29.268751
1706746434034,0.0019131387,0.0012342334,-0.0011453629,-3.8177954E-4,1.5271181E-4,7.635591E-4,108.131256,-92.83125,29.325
1706746434236,-1.5427911E-4,7.0498884E-4,-3.1089783E-4,-2.2906772E-4,0.0,5.344914E-4,108.15,-92.850006,29.38125
1706746434438,-7.366042E-4,0.0020285696,0.0014572144,-3.0542363E-4,7.635591E-5,7.635591E-4,108.262505,-92.775,29.41875
1706746434641,0.0016112847,0.0014650077,-8.5639954E-4,-3.0542363E-4,3.0542363E-4,6.8720314E-4,108.28126,-92.662506,29.400002
1706746434843,0.0040886397,8.614361E-4,0.0028409958,-2.2906772E-4,1.5271181E-4,8.39915E-4,108.3,-92.512505,29.437502
1706746435045,-0.0014062596,0.0035004318,0.0031023026,-3.0542363E-4,-7.635591E-5,6.1084726E-4,108.318756,-92.25,29.5125
1706746435248,1.7371273E-4,-0.0016141683,-0.0018901825,-4.5813544E-4,0.0,6.1084726E-4,108.3,-92.193756,29.493752
1706746435450,4.7841133E-4,0.0015847534,-4.339218E-4,-3.8177954E-4,3.8177954E-4,6.1084726E-4,108.39375,-92.11875,29.475
1706746435652,-3.131972E-4,0.0010573417,8.4877014E-5,-3.8177954E-4,7.635591E-5,5.344914E-4,108.3375,-92.2125,29.456251
1706746435854,0.0024635403,0.0015053004,-0.0015478134,-3.8177954E-4,7.635591E-5,6.1084726E-4,108.3,-92.2125,29.456251
1706746436057,9.3536056E-4,-0.0015010387,-0.001420021,-3.8177954E-4,2.2906772E-4,6.8720314E-4,108.168755,-92.25,29.41875
1706746436259,3.0941563E-5,0.002948895,8.716583E-4,-3.0542363E-4,1.5271181E-4,6.1084726E-4,108.168755,-92.325005,29.437502
1706746436462,0.0014789302,0.0040190816,-0.0014791489,-3.8177954E-4,7.635591E-5,5.344914E-4,108.225006,-92.325005,29.38125
1706746436664,8.402858E-6,0.0012383014,-0.0014486313,-4.5813544E-4,0.0,6.8720314E-4,108.3,-92.3625,29.268751
1706746436866,-4.3354474E-4,0.002416283,0.0010070801,-7.635591E-5,2.2906772E-4,5.344914E-4,108.3375,-92.381256,29.268751
1706746437069,-3.4884864E-4,0.0018008947,2.8419495E-4,-3.0542363E-4,2.2906772E-4,5.344914E-4,108.3375,-92.34375,29.212502
1706746437271,-2.3976318E-5,0.0034029484,0.0014743805,-3.0542363E-4,3.0542363E-4,6.1084726E-4,108.39375,-92.15625,29.175001
1706746437475,0.0015137593,0.0018535703,-1.6403198E-4,-3.8177954E-4,0.0,6.8720314E-4,108.318756,-92.175,29.23125
1706746437675,-5.3707155E-4,9.313822E-4,3.71933E-5,-3.8177954E-4,0.0,6.8720314E-4,108.3375,-92.287506,29.250002
1706746437877,-9.895135E-4,7.3233247E-4,7.801056E-4,-1.5271181E-4,2.2906772E-4,6.1084726E-4,108.356255,-92.3625,29.325
1706746438080,0.002813363,-9.5303357E-4,2.8419495E-4,-3.8177954E-4,2.2906772E-4,6.1084726E-4,108.3,-92.475006,29.362501
1706746438282,0.0035188869,0.0038086474,-5.00679E-4,-2.2906772E-4,2.2906772E-4,7.635591E-4,108.1125,-92.700005,29.531252
1706746438485,3.129046E-4,0.002763927,-5.6552887E-4,-3.0542363E-4,7.635591E-5,5.344914E-4,108.01875,-92.68125,29.56875
1706746438687,0.003033441,9.7326934E-4,3.7288666E-4,-4.5813544E-4,2.2906772E-4,6.8720314E-4,107.90626,-92.7375,29.643751
1706746438889,2.1212967E-4,-0.001704976,-4.4250488E-4,-3.8177954E-4,2.2906772E-4,6.1084726E-4,107.981255,-92.8125,29.681252
1706746439091,-0.0012423868,5.7411194E-4,-7.534027E-5,-2.2906772E-4,4.5813544E-4,6.8720314E-4,108.075005,-92.850006,29.7
1706746439294,6.7174784E-4,4.195571E-4,0.004122734,-3.8177954E-4,3.0542363E-4,5.344914E-4,108.09376,-92.8125,29.79375
1706746439500,0.0027827723,0.0033937544,1.6117096E-4,-3.0542363E-4,2.2906772E-4,5.344914E-4,108.00001,-92.775,29.79375
1706746439698,0.0021356256,0.001651749,4.0721893E-4,-1.5271181E-4,0.0,5.344914E-4,108.01875,-92.68125,29.718752
1706746439900,-1.17684714E-4,0.0019765496,-0.0013313293,-3.8177954E-4,3.8177954E-4,6.8720314E-4,108.037506,-92.7375,29.75625
1706746440106,8.4919366E-4,2.925396E-4,-0.0030202866,-3.8177954E-4,2.2906772E-4,6.1084726E-4,108.01875,-92.943756,29.737501
1706746440305,0.0013393548,0.0012195259,-4.234314E-4,-2.2906772E-4,0.0,6.1084726E-4,107.943756,-92.9625,29.775002
1706746440508,-0.0015598746,-0.0027202815,0.0021438599,-3.0542363E-4,2.2906772E-4,4.5813544E-4,107.925,-92.981255,29.775002
1706746440710,4.5735785E-4,0.0022880286,-5.502701E-4,-3.0542363E-4,7.635591E-5,5.344914E-4,107.925,-92.925,29.79375
1706746440912,-0.0018842005,0.0017154962,0.0012979507,-3.8177954E-4,7.635591E-5,3.8177954E-4,107.887505,-92.86875,29.775002
1706746441115,-0.0019955563,0.0019428134,-0.0017251968,-3.0542363E-4,3.0542363E-4,6.1084726E-4,107.943756,-92.887505,29.79375
1706746441317,0.001994066,0.0012199432,0.0014247894,-3.8177954E-4,3.0542363E-4,6.1084726E-4,108.037506,-92.86875,29.812502
1706746441519,0.0020643072,0.0011179298,4.1294098E-4,-2.2906772E-4,7.635591E-5,5.344914E-4,108.01875,-92.887505,29.79375
1706746441722,7.125704E-4,7.8080595E-4,8.020401E-4,-2.2906772E-4,3.0542363E-4,4.5813544E-4,108.037506,-92.775,29.75625
1706746441924,-4.5901054E-4,-2.7684867E-4,0.0028085709,-3.0542363E-4,3.0542363E-4,8.39915E-4,108.075005,-92.68125,29.7
1706746442126,0.0014899268,0.001979217,8.792877E-4,-3.8177954E-4,7.635591E-5,6.8720314E-4,108.1125,-92.64375,29.681252
1706746442328,0.0029096159,-4.5582652E-5,1.2111664E-4,-3.8177954E-4,1.5271181E-4,4.5813544E-4,108.09376,-92.700005,29.643751
1706746442531,0.002071499,0.004720345,4.529953E-4,-4.5813544E-4,2.2906772E-4,6.8720314E-4,108.15,-92.7375,29.625002
1706746442733,-0.0027478363,0.0054309517,-0.0025186539,-5.344914E-4,1.5271181E-4,6.8720314E-4,108.15,-92.700005,29.531252
1706746442935,2.784544E-4,-2.5257468E-4,-6.990433E-4,-3.8177954E-4,3.8177954E-4,4.5813544E-4,108.131256,-92.625,29.550001
1706746443138,0.0020979047,0.001010552,2.1076202E-4,-3.0542363E-4,1.5271181E-4,6.1084726E-4,108.131256,-92.568756,29.550001
1706746443340,-1.4021655E-4,8.997768E-4,-0.0022192001,-2.2906772E-4,2.2906772E-4,4.5813544E-4,108.20625,-92.53125,29.625002
1706746443542,1.5655812E-4,4.0738285E-4,9.469986E-4,-2.2906772E-4,2.2906772E-4,3.8177954E-4,108.131256,-92.606255,29.7
1706746443744,0.0010314984,0.0020968318,-6.67572E-4,-4.5813544E-4,2.2906772E-4,5.344914E-4,108.1125,-92.5875,29.75625
1706746443947,0.0015781885,-2.7383864E-4,0.0016756058,-2.2906772E-4,3.0542363E-4,6.8720314E-4,108.09376,-92.68125,29.718752
1706746444149,2.2923568E-4,0.0019825995,1.9931793E-4,-3.8177954E-4,2.2906772E-4,8.39915E-4,108.075005,-92.756256,29.737501
1706746444351,0.0022928603,0.0015891343,9.613037E-4,-3.8177954E-4,7.635591E-5,5.344914E-4,108.05625,-92.756256,29.812502
1706746444554,4.826429E-4,0.0034952015,-0.0010414124,-3.8177954E-4,2.2906772E-4,6.1084726E-4,107.981255,-92.8125,29.775002
1706746444758,-0.0015242067,-3.7035346E-4,0.0014295578,-2.2906772E-4,7.635591E-5,5.344914E-4,108.01875,-92.850006,29.775002
1706746444959,-3.195841E-4,0.0012718886,8.7070465E-4,-3.0542363E-4,1.5271181E-4,6.1084726E-4,108.00001,-92.887505,29.718752
1706746445161,-5.0031557E-4,0.0013418943,0.0020942688,-2.2906772E-4,1.5271181E-4,4.5813544E-4,108.00001,-92.86875,29.75625
1706746445363,0.0011987862,0.0010059923,8.611679E-4,-3.0542363E-4,1.5271181E-4,6.1084726E-4,107.943756,-92.943756,29.6625
1706746445566,0.0026088136,0.0025360584,-0.0021705627,-5.344914E-4,3.8177954E-4,3.8177954E-4,107.9625,-92.756256,29.6625
1706746445768,3.482136E-4,0.002528578,-0.0021390915,-3.8177954E-4,1.5271181E-4,6.8720314E-4,107.981255,-92.64375,29.7
1706746445969,0.0020025247,2.4192035E-4,-0.0028009415,-3.0542363E-4,4.5813544E-4,6.1084726E-4,107.9625,-92.606255,29.643751
1706746446172,0.0011709004,-4.8162043E-4,-8.878708E-4,-4.5813544E-4,5.344914E-4,4.5813544E-4,108.05625,-92.662506,29.643751
1706746446375,9.818177E-7,0.0030926615,0.0017614365,-7.635591E-5,2.2906772E-4,4.5813544E-4,107.981255,-92.5875,29.718752
1706746446577,0.0012371745,0.0023277104,-1.9836426E-4,-2.2906772E-4,3.8177954E-4,4.5813544E-4,107.9625,-92.512505,29.718752
1706746446779,0.0032726587,0.0015139133,0.0019111633,-3.8177954E-4,7.635591E-5,6.1084726E-4,107.981255,-92.475006,29.6625
1706746446981,0.0014426732,4.797727E-4,5.82695E-4,-3.8177954E-4,3.0542363E-4,3.8177954E-4,108.037506,-92.418755,29.625002
1706746447184,0.0013267992,0.0036631078,-0.0017461777,-3.8177954E-4,4.5813544E-4,4.5813544E-4,108.1125,-92.49375,29.6625
1706746447387,0.0020124838,-6.7155063E-4,-0.0017032623,-3.0542363E-4,5.344914E-4,5.344914E-4,108.075005,-92.418755,29.643751
1706746447589,0.004127489,-6.7074597E-4,6.9618225E-5,-5.344914E-4,2.2906772E-4,6.8720314E-4,108.131256,-92.418755,29.643751
1706746447791,0.0028051413,0.0018713176,-7.200241E-4,-3.8177954E-4,2.2906772E-4,5.344914E-4,108.168755,-92.287506,29.60625
1706746447992,-1.6459147E-4,0.0014018714,3.4809113E-4,-3.8177954E-4,2.2906772E-4,6.8720314E-4,108.20625,-92.34375,29.550001
1706746448195,-8.113056E-4,0.0017324835,6.8092346E-4,-3.8177954E-4,3.0542363E-4,5.344914E-4,108.15,-92.49375,29.56875
1706746448398,-0.0014358528,8.147359E-4,0.0013570786,-4.5813544E-4,2.2906772E-4,5.344914E-4,108.168755,-92.5875,29.587502
1706746448600,-4.0301654E-4,6.200075E-4,5.941391E-4,-2.2906772E-4,5.344914E-4,6.1084726E-4,108.1125,-92.568756,29.643751
1706746448802,0.0014633213,0.0033726245,0.0011520386,-2.2906772E-4,4.5813544E-4,5.344914E-4,108.131256,-92.512505,29.643751
1706746449005,4.6423572E-4,0.0020986646,-0.0016708374,-4.5813544E-4,2.2906772E-4,4.5813544E-4,108.075005,-92.775,29.643751
1706746449207,0.0026495012,0.0012492836,3.2043457E-4,-3.0542363E-4,3.8177954E-4,5.344914E-4,108.037506,-92.775,29.681252
1706746449409,0.0016324483,0.0024648458,0.0024881363,-3.0542363E-4,3.0542363E-4,4.5813544E-4,108.00001,-92.850006,29.737501
1706746449612,0.0022477196,0.0022918284,-7.05719E-4,-3.8177954E-4,2.2906772E-4,4.5813544E-4,108.01875,-92.887505,29.737501
1706746449814,0.0019029852,-0.0010885745,-4.0340424E-4,-4.5813544E-4,4.5813544E-4,3.0542363E-4,108.05625,-92.7375,29.7
1706746450024,0.0019717745,0.00216043,6.3610077E-4,-3.8177954E-4,2.2906772E-4,5.344914E-4,108.09376,-92.625,29.718752
1706746450218,0.0021690126,0.0017437339,-0.002163887,-2.2906772E-4,7.635591E-5,3.8177954E-4,108.1125,-92.700005,29.718752
1706746450421,-3.1554024E-4,5.994737E-5,6.799698E-4,-2.2906772E-4,3.0542363E-4,3.8177954E-4,108.037506,-92.756256,29.6625
1706746450623,0.003570881,3.953278E-5,-0.001452446,-2.2906772E-4,2.2906772E-4,3.8177954E-4,108.075005,-92.53125,29.718752
1706746450825,0.0014878656,0.0020370036,0.0013074875,-2.2906772E-4,3.8177954E-4,6.1084726E-4,108.1125,-92.625,29.7
1706746451028,0.0011650051,-0.003350675,-0.0019464493,-3.8177954E-4,3.0542363E-4,4.5813544E-4,108.09376,-92.512505,29.681252
1706746451230,-0.0024644304,0.0026674122,-3.9291382E-4,-3.8177954E-4,5.344914E-4,4.5813544E-4,108.075005,-92.5875,29.681252
1706746451432,1.9847474E-4,0.0014752448,6.4373016E-4,-3.0542363E-4,3.0542363E-4,6.1084726E-4,108.09376,-92.55,29.643751
1706746451634,0.0021287668,0.0012894869,-1.8787384E-4,-3.8177954E-4,3.8177954E-4,5.344914E-4,108.075005,-92.568756,29.56875
1706746451837,0.0015927027,7.458627E-4,5.5217743E-4,-3.8177954E-4,4.5813544E-4,6.1084726E-4,108.037506,-92.418755,29.5125
1706746452039,4.3288892E-4,0.004942566,-8.5544586E-4,-4.5813544E-4,7.635591E-5,4.5813544E-4,108.131256,-92.325005,29.5125
1706746452241,0.004110715,0.0014727265,0.0021572113,-2.2906772E-4,5.344914E-4,6.1084726E-4,108.09376,-92.475006,29.437502
1706746452444,0.0037847247,0.0010933429,-7.6293945E-6,-2.2906772E-4,2.2906772E-4,4.5813544E-4,108.05625,-92.49375,29.456251
1706746452646,-6.408774E-4,0.002327785,-0.0016107559,-4.5813544E-4,4.5813544E-4,4.5813544E-4,108.09376,-92.512505,29.400002
1706746452849,-5.977069E-4,0.0022350848,5.9223175E-4,-3.0542363E-4,3.0542363E-4,4.5813544E-4,108.1125,-92.4,29.362501
1706746453051,7.6353643E-4,0.002628997,0.002363205,-2.2906772E-4,1.5271181E-4,3.0542363E-4,108.09376,-92.512505,29.38125
1706746453253,2.267246E-4,2.3430586E-4,0.0033922195,-3.8177954E-4,3.0542363E-4,3.0542363E-4,108.075005,-92.568756,29.362501
1706746453455,-2.410007E-4,0.0019070208,-0.0014696121,-3.8177954E-4,3.8177954E-4,4.5813544E-4,108.09376,-92.606255,29.325
1706746453658,0.0028232443,0.0013094991,-9.860992E-4,-3.0542363E-4,4.5813544E-4,4.5813544E-4,108.09376,-92.5875,29.41875
1706746453859,0.0017904041,7.4237585E-5,-0.0019540787,-3.8177954E-4,4.5813544E-4,6.1084726E-4,108.09376,-92.568756,29.38125
1706746454062,0.0011751861,7.353574E-4,-9.6321106E-5,-3.0542363E-4,1.5271181E-4,3.8177954E-4,108.18751,-92.475006,29.362501
1706746454264,0.0017193052,-2.3259223E-4,2.3460388E-4,-3.0542363E-4,3.0542363E-4,3.8177954E-4,108.09376,-92.625,29.437502
1706746454467,7.066245E-4,0.0032281876,6.799698E-4,-5.344914E-4,1.5271181E-4,5.344914E-4,108.05625,-92.5875,29.456251
1706746454670,0.002733098,-8.827895E-4,-8.4781647E-4,-3.8177954E-4,3.8177954E-4,5.344914E-4,108.00001,-92.64375,29.475
1706746454872,0.0019927372,-4.7703087E-4,4.9495697E-4,-1.5271181E-4,2.2906772E-4,4.5813544E-4,107.981255,-92.5875,29.493752
1706746455074,0.0024890583,2.5331974E-4,-5.130768E-4,-4.5813544E-4,2.2906772E-4,3.8177954E-4,108.05625,-92.568756,29.587502
1706746455276,6.209072E-4,0.0045024008,0.0017004013,-4.5813544E-4,4.5813544E-4,3.8177954E-4,108.00001,-92.625,29.56875
1706746455478,0.0013866187,0.0031185597,-0.0010786057,-3.8177954E-4,3.0542363E-4,3.8177954E-4,107.943756,-92.700005,29.643751
1706746455680,2.635062E-4,0.004015073,-0.0012559891,-3.0542363E-4,4.5813544E-4,6.1084726E-4,107.86875,-92.625,29.6625
1706746455883,0.0019431673,-0.0020333976,-8.4400177E-4,-2.2906772E-4,1.5271181E-4,4.5813544E-4,107.887505,-92.4375,29.625002
1706746456085,0.0016145313,-6.723404E-4,0.0012540817,-2.2906772E-4,7.635591E-5,3.8177954E-4,107.925,-92.512505,29.587502
1706746456288,0.0017068987,0.0011493117,-3.8719177E-4,-4.5813544E-4,3.0542363E-4,3.8177954E-4,108.01875,-92.3625,29.60625
1706746456490,-0.001878698,1.9949675E-4,-3.4236908E-4,-3.8177954E-4,3.0542363E-4,4.5813544E-4,108.05625,-92.3625,29.587502
1706746456693,0.0021077355,0.003625542,-0.0016756058,-2.2906772E-4,3.8177954E-4,6.1084726E-4,108.00001,-92.475006,29.550001
1706746456896,0.0023716302,0.0028003901,-0.002038002,-4.5813544E-4,7.635591E-5,3.8177954E-4,108.131256,-92.34375,29.550001
1706746457097,0.00159914,0.0033511668,8.34465E-4,-4.5813544E-4,2.2906772E-4,4.5813544E-4,108.15,-92.45625,29.531252
1706746457300,-0.0011891739,0.0034117997,-0.0013475418,-2.2906772E-4,3.0542363E-4,3.8177954E-4,108.15,-92.512505,29.56875
1706746457501,8.286132E-4,0.0015543848,0.002360344,-3.8177954E-4,5.344914E-4,4.5813544E-4,108.075005,-92.45625,29.60625
1706746457704,8.761231E-4,-6.740242E-4,0.0035429,-2.2906772E-4,3.0542363E-4,4.5813544E-4,108.037506,-92.45625,29.625002
1706746457906,0.0022004722,-0.0018930286,-0.0018978119,-3.0542363E-4,3.0542363E-4,4.5813544E-4,108.037506,-92.381256,29.643751
1706746458108,-0.0021529621,6.006509E-4,-8.172989E-4,-3.8177954E-4,4.5813544E-4,3.8177954E-4,108.05625,-92.25,29.60625
1706746458311,0.00428524,0.0027573854,-9.8228455E-5,-3.8177954E-4,3.8177954E-4,5.344914E-4,108.09376,-92.15625,29.56875
1706746458513,-0.0010683371,3.9716065E-4,-0.003036499,-3.8177954E-4,3.8177954E-4,3.0542363E-4,108.09376,-92.137505,29.493752
1706746458715,0.0029205983,0.0017074645,0.0021486282,-3.0542363E-4,3.0542363E-4,2.2906772E-4,108.09376,-92.325005,29.493752
1706746458917,0.002498511,0.0036845654,-0.0016145706,-3.0542363E-4,1.5271181E-4,4.5813544E-4,108.09376,-92.193756,29.437502
1706746459120,0.0038154921,0.001199156,-0.0011558533,-7.635591E-5,3.0542363E-4,3.8177954E-4,108.15,-92.11875,29.400002
1706746459322,-0.0022533746,0.0022435486,0.0014257431,-3.8177954E-4,4.5813544E-4,2.2906772E-4,108.131256,-92.08125,29.362501
1706746459524,0.0020554508,0.002562657,0.002005577,-4.5813544E-4,3.0542363E-4,3.8177954E-4,108.1125,-92.287506,29.362501
1706746459727,0.0017685173,-3.4433603E-4,0.0010290146,-2.2906772E-4,3.0542363E-4,4.5813544E-4,108.09376,-92.25,29.400002
1706746459929,9.769895E-4,7.249415E-5,0.002579689,-2.2906772E-4,3.0542363E-4,2.2906772E-4,108.01875,-92.287506,29.437502
1706746460132,8.2312734E-4,-1.399219E-4,-0.0010976791,-3.8177954E-4,2.2906772E-4,3.8177954E-4,107.981255,-92.30625,29.437502
1706746460334,-3.36094E-4,0.004657313,-0.0013494492,-4.5813544E-4,3.8177954E-4,2.2906772E-4,107.981255,-92.08125,29.400002
1706746460536,0.002571401,3.311038E-4,0.0027418137,-3.0542363E-4,2.2906772E-4,3.8177954E-4,107.981255,-92.15625,29.437502
1706746460739,9.774462E-4,0.0030295998,-0.0016708374,-2.2906772E-4,2.2906772E-4,3.0542363E-4,107.90626,-92.26875,29.41875
1706746460940,3.3775385E-4,2.3755431E-4,0.0012311935,-3.8177954E-4,6.8720314E-4,5.344914E-4,107.943756,-92.4375,29.456251
1706746461143,0.0021032877,-4.5113266E-4,0.0015010834,-3.8177954E-4,7.635591E-5,4.5813544E-4,107.90626,-92.4,29.5125
1706746461345,-2.3734989E-5,1.1737645E-4,0.0015249252,-3.0542363E-4,2.2906772E-4,4.5813544E-4,107.90626,-92.4375,29.456251
1706746461548,7.280301E-4,5.737096E-4,-0.0020284653,-3.8177954E-4,3.0542363E-4,5.344914E-4,107.981255,-92.53125,29.38125
1706746461750,0.002439741,0.0011830777,-3.7384033E-4,-4.5813544E-4,2.2906772E-4,5.344914E-4,107.90626,-92.606255,29.38125
1706746461952,0.001685709,0.0024235696,-0.001168251,-3.0542363E-4,3.0542363E-4,4.5813544E-4,107.9625,-92.662506,29.456251
1706746462155,1.086446E-5,2.8529763E-4,-0.005569458,-3.0542363E-4,3.8177954E-4,3.0542363E-4,108.037506,-92.64375,29.475
1706746462357,0.002768822,-7.5788796E-4,3.0612946E-4,-3.0542363E-4,4.5813544E-4,3.8177954E-4,108.037506,-92.662506,29.550001
1706746462559,1.959661E-4,0.0032190382,9.54628E-4,-4.5813544E-4,3.0542363E-4,4.5813544E-4,108.075005,-92.625,29.456251
1706746462761,0.0021238122,0.0031317174,6.303787E-4,-3.0542363E-4,3.0542363E-4,5.344914E-4,108.1125,-92.55,29.456251
1706746462964,6.433743E-4,0.0011398345,0.001326561,-3.8177954E-4,4.5813544E-4,4.5813544E-4,108.05625,-92.775,29.5125
1706746463166,0.0023942203,-0.0010250509,4.2247772E-4,-3.0542363E-4,5.344914E-4,3.0542363E-4,108.00001,-92.71875,29.587502
1706746463369,4.4087163E-4,0.004709497,-6.3705444E-4,-3.0542363E-4,3.8177954E-4,5.344914E-4,108.09376,-92.5875,29.6625
1706746463571,9.650458E-4,-0.0018343776,-2.7942657E-4,-3.8177954E-4,5.344914E-4,6.1084726E-4,108.00001,-92.606255,29.7
1706746463773,0.0012748329,0.0015871227,-0.0015602112,-2.2906772E-4,3.8177954E-4,3.8177954E-4,107.83125,-92.68125,29.7
1706746463975,0.0018249725,0.0011334717,-0.0011205673,-3.8177954E-4,3.0542363E-4,3.8177954E-4,107.850006,-92.71875,29.718752
1706746464177,-9.723196E-4,-1.19164586E-4,9.95636E-4,-2.2906772E-4,1.5271181E-4,4.5813544E-4,107.775,-92.756256,29.831251
1706746464380,0.0035107501,0.0018909723,-7.0667267E-4,-2.2906772E-4,3.0542363E-4,6.1084726E-4,107.7375,-92.8125,29.831251
1706746464582,0.0020699264,0.001377359,0.0021791458,-3.8177954E-4,6.8720314E-4,2.2906772E-4,107.775,-92.68125,29.85
1706746464784,-5.732494E-4,0.0012202114,-9.059906E-4,-2.2906772E-4,2.2906772E-4,3.8177954E-4,107.775,-92.662506,29.831251
1706746464987,0.0011273496,0.0014245957,1.4591217E-4,-5.344914E-4,5.344914E-4,3.8177954E-4,107.700005,-92.7375,29.8875
1706746465189,0.0021376468,1.2154877E-4,0.0011472702,-4.5813544E-4,2.2906772E-4,5.344914E-4,107.700005,-92.887505,29.831251
1706746465392,0.0032727988,0.0032681972,-0.0015172958,-3.0542363E-4,4.5813544E-4,3.8177954E-4,107.756256,-92.850006,29.868752
1706746465594,-2.9925216E-4,-0.0016185492,0.0014123917,-2.2906772E-4,4.5813544E-4,3.8177954E-4,107.887505,-92.8125,29.737501
1706746465797,0.0018376373,0.002225414,7.0858E-4,-3.0542363E-4,3.8177954E-4,5.344914E-4,107.943756,-92.700005,29.681252
1706746465999,0.0053114817,0.0014044046,5.455017E-4,-1.5271181E-4,3.0542363E-4,3.0542363E-4,107.887505,-92.7375,29.625002
1706746466201,6.258694E-4,0.0031632036,-9.279251E-4,-0.0,-0.0,0.0,107.90626,-92.71875,29.587502
1706746466403,8.0482336E-4,0.0031576604,-8.4877014E-5,7.635591E-5,2.2906772E-4,0.0,107.90626,-92.756256,29.60625
1706746466605,0.00354981,-3.7764013E-4,-5.1116943E-4,-0.0,0.0,-7.635591E-5,107.943756,-92.8125,29.60625
1706746466808,-1.6875775E-4,-0.002085477,4.9209595E-4,-7.635591E-5,0.0,-0.0,108.01875,-92.606255,29.56875
1706746467010,-8.2503236E-4,0.0011417419,-3.5572052E-4,-7.635591E-5,-7.635591E-5,-1.5271181E-4,108.01875,-92.606255,29.531252
1706746467213,-0.0011862551,9.0382993E-4,6.389618E-5,-7.635591E-5,0.0,-0.0,107.81251,-92.662506,29.7
1706746467415,-8.5818174E-4,2.8805435E-4,0.0028514862,-7.635591E-5,0.0,-0.0,107.86875,-92.71875,29.718752
1706746467617,-0.0023431315,0.0024949163,-7.572174E-4,7.635591E-5,3.0542363E-4,-7.635591E-5,107.925,-92.606255,29.79375
1706746467819,1.1759074E-4,3.1997263E-4,0.0010910034,-7.635591E-5,0.0,1.5271181E-4,107.90626,-92.625,29.812502
1706746468021,0.0017601515,-0.0013951808,-0.0011720657,7.635591E-5,-0.0,-1.5271181E-4,107.90626,-92.700005,29.812502
1706746468224,2.702314E-4,0.0017579943,2.0122528E-4,-1.5271181E-4,7.635591E-5,7.635591E-5,107.86875,-92.700005,29.75625
1706746468426,-1.0485528E-6,-1.3132393E-4,-0.0013093948,-7.635591E-5,-7.635591E-5,-7.635591E-5,107.81251,-92.7375,29.812502
1706746468629,-4.142715E-4,1.783669E-5,0.0014009476,-1.5271181E-4,-7.635591E-5,7.635591E-5,107.756256,-92.756256,29.831251
1706746468831,-0.0016735499,4.5843422E-4,7.0381165E-4,-1.5271181E-4,-7.635591E-5,-1.5271181E-4,107.81251,-92.71875,29.79375
1706746469033,0.0019296362,-0.0010777116,9.279251E-4,1.5271181E-4,-1.5271181E-4,-7.635591E-5,107.7375,-92.68125,29.79375
1706746469235,2.288383E-4,0.0012045652,-0.0020399094,7.635591E-5,-7.635591E-5,7.635591E-5,107.793755,-92.662506,29.812502
1706746469438,0.002136811,0.002800703,-6.7424774E-4,7.635591E-5,-0.0,-2.2906772E-4,107.7375,-92.793755,29.79375
1706746469640,-0.0020600355,-1.17227435E-4,-0.0014410019,-2.2906772E-4,-1.5271181E-4,-1.5271181E-4,107.7375,-92.68125,29.831251
1706746469842,4.5867334E-4,0.0013932139,-7.362366E-4,-7.635591E-5,1.5271181E-4,7.635591E-5,107.756256,-92.625,29.831251
1706746470044,-1.4482136E-4,-0.0020456612,-1.8692017E-4,-1.5271181E-4,-7.635591E-5,1.5271181E-4,107.756256,-92.606255,29.85
1706746470247,-0.0012292836,-8.45328E-4,-0.002175331,7.635591E-5,-7.635591E-5,-7.635591E-5,107.81251,-92.756256,29.812502
1706746470449,0.0014635476,4.480034E-4,6.7806244E-4,-0.0,-1.5271181E-4,0.0,107.86875,-92.7375,29.85
1706746470652,-3.068829E-4,-0.0021481067,-2.3078918E-4,1.5271181E-4,-7.635591E-5,-7.635591E-5,107.86875,-92.793755,29.85
1706746470854,-4.3245405E-4,0.0019730479,0.0032644272,-7.635591E-5,-1.5271181E-4,1.5271181E-4,107.850006,-92.8125,29.812502
1706746471056,-0.0019906978,0.0012301505,-1.039505E-4,-7.635591E-5,-7.635591E-5,7.635591E-5,107.83125,-92.775,29.831251
1706746471260,-0.0010942019,8.068532E-4,-0.0012102127,-7.635591E-5,-7.635591E-5,7.635591E-5,107.850006,-92.793755,29.812502
1706746471461,-3.4146942E-4,-5.761832E-4,0.0017766953,-0.0,0.0,-7.635591E-5,107.775,-92.90625,29.75625
1706746471663,0.0019458544,-0.0021059066,3.4809113E-4,-0.0,-1.5271181E-4,-1.5271181E-4,107.793755,-92.943756,29.7
1706746471865,-7.0798234E-4,5.258322E-4,-4.5681E-4,-1.5271181E-4,-7.635591E-5,0.0,107.793755,-92.71875,29.718752
1706746472068,-0.0021351373,1.5071034E-4,-1.5449524E-4,-1.5271181E-4,0.0,-1.5271181E-4,107.793755,-92.5875,29.7
1706746472270,-0.0013031561,2.0182133E-4,-7.123947E-4,-7.635591E-5,-7.635591E-5,0.0,107.775,-92.49375,29.6625
1706746472472,-0.0013141357,0.0012993366,-7.791519E-4,-0.0,-7.635591E-5,-1.5271181E-4,107.793755,-92.512505,29.643751
1706746472675,0.0030879634,0.0018417835,-0.0027990341,-7.635591E-5,2.2906772E-4,-0.0,107.943756,-92.4375,29.587502
1706746472878,-9.3110255E-4,-0.0019358993,0.004588127,-7.635591E-5,7.635591E-5,-7.635591E-5,108.00001,-92.3625,29.493752
1706746473080,-0.0012599684,-6.9484115E-4,-0.001499176,-0.0,-2.2906772E-4,-7.635591E-5,108.05625,-92.25,29.5125
1706746473282,6.7971984E-4,-2.4592876E-4,0.0022649765,-1.5271181E-4,-2.2906772E-4,0.0,108.075005,-92.2125,29.56875
1706746473484,0.0013382034,-2.47851E-4,-3.1757355E-4,-1.5271181E-4,-7.635591E-5,-2.2906772E-4,108.1125,-92.15625,29.531252
1706746473686,0.0016288788,0.0024081916,-0.0018100739,-3.0542363E-4,1.5271181E-4,-1.5271181E-4,108.15,-92.231255,29.5125
1706746473889,-0.0019430568,0.0027329475,3.1089783E-4,0.0,1.5271181E-4,-0.0,108.15,-92.287506,29.475
1706746474091,-0.0011392927,-0.0016082823,0.00111866,7.635591E-5,-1.5271181E-4,0.0,108.131256,-92.2125,29.5125
1706746474293,0.0011926463,-5.1513314E-4,5.159378E-4,-7.635591E-5,1.5271181E-4,-1.5271181E-4,108.00001,-92.043755,29.643751
1706746474496,-3.7319039E-4,0.0021127164,-0.0014028549,-0.0,-1.5271181E-4,-1.5271181E-4,107.81251,-92.137505,29.906252
1706746474697,0.002148404,5.236715E-4,0.0015687943,-7.635591E-5,-7.635591E-5,7.635591E-5,107.81251,-92.231255,29.85
1706746474900,0.0018980261,-8.0004334E-5,-0.0011577606,-7.635591E-5,-0.0,-7.635591E-5,107.71876,-92.568756,29.812502
1706746475102,-0.0022579022,-3.7044287E-4,4.4345856E-4,0.0,7.635591E-5,7.635591E-5,107.5875,-92.86875,29.868752
1706746475305,-0.001502473,0.0027023107,3.709793E-4,7.635591E-5,-1.5271181E-4,0.0,107.568756,-93.075005,29.831251
1706746475507,4.874221E-4,1.17108226E-4,6.275177E-4,-7.635591E-5,1.5271181E-4,7.635591E-5,107.43751,-93.4875,29.831251
1706746475709,7.0571224E-4,-5.414337E-4,5.683899E-4,-7.635591E-5,-7.635591E-5,3.8177954E-4,107.45625,-93.881256,29.775002
1706746475912,-0.0015041819,-0.0043973774,2.2602081E-4,-0.0,0.0,3.8177954E-4,107.568756,-94.200005,29.587502
1706746476114,0.0011590801,5.8816373E-4,-0.004635811,-1.5271181E-4,-1.5271181E-4,3.8177954E-4,107.49375,-94.275,29.6625
1706746476316,9.869458E-6,0.0011813194,-0.0049180984,-1.5271181E-4,-7.635591E-5,4.5813544E-4,107.34376,-94.481255,29.775002
1706746476518,-0.0039463667,0.0030186027,-0.0013818741,-7.635591E-5,-1.5271181E-4,3.0542363E-4,107.34376,-94.443756,29.79375
1706746476720,-0.0021417178,-0.0012671202,-0.004034996,-0.0,-1.5271181E-4,5.344914E-4,107.381256,-94.40625,29.7
1706746476923,0.003083401,1.6951561E-4,-0.002614975,-7.635591E-5,0.0,7.635591E-4,107.381256,-94.275,29.75625
1706746477126,-0.0014404411,-0.0013794005,-0.0038728714,-0.0,7.635591E-5,6.8720314E-4,107.49375,-94.0875,29.681252
1706746477328,6.226769E-4,-6.313771E-4,-0.0036420822,7.635591E-5,-7.635591E-5,8.39915E-4,107.568756,-94.012505,29.60625
1706746477530,-0.0013416344,0.0015771836,-0.0027303696,7.635591E-5,0.0,8.39915E-4,107.53126,-93.84375,29.475
1706746477732,-0.0013249575,0.0013783574,-0.004401207,7.635591E-5,-7.635591E-5,9.926268E-4,107.606255,-94.012505,29.362501
1706746477935,7.032355E-4,0.0012120306,-0.0017213821,-7.635591E-5,-7.635591E-5,6.8720314E-4,107.662506,-93.9375,29.38125
1706746478137,-0.0030763634,-0.003382966,6.008148E-4,7.635591E-5,-2.2906772E-4,8.39915E-4,107.64375,-93.76875,29.531252
1706746478339,3.3158227E-4,4.6366453E-4,-0.004231453,2.2906772E-4,7.635591E-5,7.635591E-4,107.606255,-93.58125,29.812502
1706746478542,-6.230807E-4,2.1876395E-4,-0.0016803741,-7.635591E-5,-0.0,8.39915E-4,107.475006,-93.693756,29.98125
1706746478744,-0.002054135,-2.0621717E-4,-8.955002E-4,-7.635591E-5,7.635591E-5,8.39915E-4,107.325005,-93.75,30.13125
1706746478946,-0.0013815331,0.0023559332,-0.0018873215,0.0,-7.635591E-5,8.39915E-4,107.2125,-93.80625,30.225
1706746479148,-0.0013806608,0.00197801,-0.0016403198,-2.2906772E-4,1.5271181E-4,7.635591E-4,107.175,-93.75,30.431252
1706746479351,1.7404417E-4,-0.0028330684,-3.1471252E-5,-0.0,2.2906772E-4,8.39915E-4,107.193756,-93.58125,30.487501
1706746479553,0.0020908143,3.7668645E-4,-0.0016927719,0.0,7.635591E-5,6.1084726E-4,107.137505,-93.43125,30.468752
1706746479756,-0.0032858138,-1.398027E-4,8.583069E-6,-7.635591E-5,7.635591E-5,7.635591E-4,107.11875,-93.46875,30.337502
1706746479958,-0.0016578678,0.0016415566,0.003727913,-1.5271181E-4,1.5271181E-4,5.344914E-4,107.137505,-93.61875,30.225
1706746480160,-4.2482838E-4,-0.0010813326,-0.0016183853,-0.0,3.0542363E-4,7.635591E-4,107.231255,-93.525,30.112501
1706746480363,0.0010815067,8.582175E-4,0.0015058517,7.635591E-5,1.5271181E-4,6.1084726E-4,107.418755,-93.46875,29.94375
1706746480565,-0.0011421479,-5.054474E-5,-1.3446808E-4,7.635591E-5,1.5271181E-4,7.635591E-4,107.512505,-93.412506,29.906252
1706746480767,-9.973417E-4,-8.819699E-4,-8.497238E-4,-0.0,-0.0,7.635591E-4,107.62501,-93.46875,29.85
1706746480970,7.746038E-4,9.957999E-4,1.1539459E-4,-1.5271181E-4,0.0,6.8720314E-4,107.5875,-93.39375,29.868752
1706746481172,-3.6336994E-4,3.0879676E-4,-7.6293945E-5,0.0,7.635591E-5,6.1084726E-4,107.62501,-93.375,29.75625
1706746481375,0.006292057,-3.7826598E-4,0.0016222,-7.635591E-5,1.5271181E-4,6.1084726E-4,107.71876,-93.318756,29.737501
1706746481576,0.0027096218,5.710274E-4,2.4414062E-4,7.635591E-5,1.5271181E-4,5.344914E-4,107.7375,-93.131256,29.7
1706746481780,0.0010109709,-3.1520426E-4,0.0019102097,-7.635591E-5,1.5271181E-4,4.5813544E-4,107.83125,-93.1875,29.60625
1706746481980,0.0012808791,-6.3954294E-4,0.0027151108,-1.5271181E-4,0.0,4.5813544E-4,107.68125,-93.1875,29.6625
1706746482184,0.0012745656,-0.0011221915,0.0012769699,-7.635591E-5,1.5271181E-4,4.5813544E-4,107.68125,-93.24375,29.625002
1706746482386,4.6739925E-4,9.096712E-4,-0.0018835068,7.635591E-5,0.0,6.1084726E-4,107.53126,-93.09375,29.75625
1706746482588,-0.0012066327,-5.052984E-4,0.0039081573,-1.5271181E-4,7.635591E-5,3.8177954E-4,107.475006,-92.981255,29.925001
1706746482790,4.1142467E-4,-0.0016814321,-4.3201447E-4,7.635591E-5,-7.635591E-5,3.8177954E-4,107.568756,-92.9625,30.000002
1706746482998,0.0016011014,-0.0020023435,0.0016822815,-2.2906772E-4,0.0,3.8177954E-4,107.5875,-93.075005,29.925001
1706746483195,0.003231173,0.0038944334,0.0031719208,-7.635591E-5,7.635591E-5,5.344914E-4,107.62501,-93.1875,29.8875
1706746483398,-0.0012588155,0.0025469363,0.002796173,-0.0,7.635591E-5,3.0542363E-4,107.62501,-93.05625,29.925001
1706746483600,-0.0010311236,-5.916804E-4,4.1866302E-4,-1.5271181E-4,0.0,4.5813544E-4,107.90626,-93.01875,29.8875
1706746483802,-5.692305E-4,0.0022135526,-0.0018491745,-7.635591E-5,2.2906772E-4,3.8177954E-4,107.981255,-92.90625,29.79375
1706746484003,6.9166685E-4,-5.4870546E-4,0.0027160645,-7.635591E-5,7.635591E-5,1.5271181E-4,108.1125,-92.925,29.531252
1706746484207,6.6187856E-4,-6.044656E-4,-0.001001358,-1.5271181E-4,2.2906772E-4,2.2906772E-4,108.18751,-93.09375,29.362501
1706746484409,-0.0016044751,-0.0012879819,0.002673149,-0.0,7.635591E-5,1.5271181E-4,108.20625,-93.20625,29.250002
1706746484611,0.0021590316,0.0011441857,9.441376E-4,-1.5271181E-4,-1.5271181E-4,2.2906772E-4,108.225006,-93.1125,29.23125
1706746484813,-2.665047E-4,0.0010533482,0.0012369156,7.635591E-5,-7.635591E-5,1.5271181E-4,108.28126,-93.09375,29.175001
1706746485015,1.6983034E-4,4.3913722E-5,0.0025720596,-7.635591E-5,-7.635591E-5,0.0,108.168755,-93.09375,29.23125
1706746485218,0.0011477266,3.5846233E-4,0.0011053085,-0.0,1.5271181E-4,2.2906772E-4,107.981255,-93.05625,29.2875
1706746485420,3.943073E-4,0.0038731843,-1.7642975E-4,-7.635591E-5,1.5271181E-4,7.635591E-5,107.925,-93.05625,29.41875
1706746485623,9.935861E-4,-0.0016850531,3.3855438E-4,-0.0,2.2906772E-4,1.5271181E-4,107.887505,-92.981255,29.550001
1706746485825,9.942698E-5,0.0020911247,2.2602081E-4,7.635591E-5,-7.635591E-5,-7.635591E-5,107.887505,-92.850006,29.531252
1706746486027,-5.3755264E-4,0.0012687892,3.7574768E-4,-1.5271181E-4,-7.635591E-5,1.5271181E-4,107.756256,-92.8125,29.681252
1706746486229,-0.0028250825,-7.61345E-4,0.0016927719,-7.635591E-5,-7.635591E-5,2.2906772E-4,107.64375,-92.850006,29.8875
1706746486433,0.0016977277,8.877069E-4,-0.0011529922,-7.635591E-5,2.2906772E-4,7.635591E-5,107.49375,-93.0,29.94375
1706746486634,0.0012520817,-0.001892224,6.7710876E-4,7.635591E-5,-0.0,1.5271181E-4,107.475006,-93.1125,29.98125
1706746486837,8.193136E-6,-8.9235604E-4,0.0015125275,-7.635591E-5,1.5271181E-4,1.5271181E-4,107.45625,-93.037506,30.018751
1706746487039,2.7765968E-4,-0.0014463812,0.0015420914,7.635591E-5,-7.635591E-5,7.635591E-5,107.418755,-92.943756,29.962502
1706746487241,6.05187E-4,-1.00672245E-4,3.8146973E-5,-7.635591E-5,-7.635591E-5,0.0,107.475006,-93.01875,29.925001
1706746487444,0.0013620616,-0.0017888993,-0.0023298264,-7.635591E-5,7.635591E-5,7.635591E-5,107.475006,-93.168755,29.925001
1706746487646,-6.7769235E-4,-0.0010140091,0.001332283,-7.635591E-5,7.635591E-5,0.0,107.512505,-93.131256,30.000002
1706746487849,6.987807E-4,0.0010192245,-8.573532E-4,0.0,-0.0,-2.2906772E-4,107.512505,-93.037506,29.962502
1706746488051,2.0502601E-4,0.0010872483,-0.0011825562,-1.5271181E-4,-0.0,1.5271181E-4,107.5875,-92.71875,30.018751
1706746488253,-1.5379145E-4,0.0030729026,-2.6226044E-4,-1.5271181E-4,2.2906772E-4,0.0,107.62501,-92.568756,30.056252
1706746488456,2.3333334E-5,5.9850514E-4,9.6035004E-4,-3.0542363E-4,0.0,-1.5271181E-4,107.568756,-92.49375,30.16875
1706746488658,0.0017376113,-9.0174377E-4,2.861023E-5,-2.2906772E-4,-0.0,-2.2906772E-4,107.45625,-92.568756,30.281252
1706746488860,-0.0020987315,0.0017416924,9.288788E-4,0.0,-7.635591E-5,-1.5271181E-4,107.381256,-92.55,30.31875
1706746489062,0.0014219203,8.568168E-5,-2.1743774E-4,-7.635591E-5,0.0,-1.5271181E-4,107.43751,-92.3625,30.35625
1706746489264,3.0957232E-4,0.0018296093,0.0028944016,0.0,-7.635591E-5,-1.5271181E-4,107.475006,-92.381256,30.225
1706746489467,0.002155868,3.721565E-4,4.081726E-4,-7.635591E-5,0.0,-1.5271181E-4,107.53126,-92.49375,30.112501
1706746489670,0.0017942714,-2.9101968E-5,0.0013341904,-7.635591E-5,1.5271181E-4,-1.5271181E-4,107.568756,-92.49375,29.98125
1706746489871,-0.0023252112,2.3768842E-4,-4.8160553E-4,-2.2906772E-4,-7.635591E-5,-2.2906772E-4,107.606255,-92.55,29.868752
1706746490075,-6.628123E-4,-5.3852797E-4,0.0030202866,7.635591E-5,1.5271181E-4,-2.2906772E-4,107.662506,-92.64375,29.737501
1706746490276,-0.0024748459,0.0020238012,0.0029230118,-7.635591E-5,7.635591E-5,-3.0542363E-4,107.775,-92.568756,29.7
1706746490478,0.0015590773,0.0025126785,3.5476685E-4,-0.0,0.0,-4.5813544E-4,107.793755,-92.5875,29.737501
1706746490681,-0.0012624253,0.0010941178,-0.0025749207,-7.635591E-5,7.635591E-5,-2.2906772E-4,107.71876,-92.850006,29.643751
1706746490887,0.0018296291,5.695373E-4,0.0010890961,-1.5271181E-4,1.5271181E-4,-1.5271181E-4,107.793755,-92.90625,29.7
1706746491086,8.876127E-4,1.758188E-4,0.0023965836,7.635591E-5,-1.5271181E-4,-2.2906772E-4,107.775,-92.793755,29.737501
1706746491288,0.0011010419,-0.0011101514,0.001824379,-7.635591E-5,-7.635591E-5,-3.8177954E-4,107.775,-92.90625,29.75625
1706746491491,0.0020421967,0.0014494509,-4.5394897E-4,7.635591E-5,1.5271181E-4,-3.8177954E-4,107.700005,-92.83125,29.812502
1706746491693,0.0014524348,-0.0012072772,-1.5544891E-4,-2.2906772E-4,1.5271181E-4,-2.2906772E-4,107.662506,-92.981255,29.831251
1706746491896,1.896501E-4,-1.359433E-4,0.00187397,1.5271181E-4,2.2906772E-4,-3.8177954E-4,107.606255,-93.01875,29.812502
1706746492097,0.0020016797,0.0017149746,0.0024690628,1.5271181E-4,-1.5271181E-4,-3.0542363E-4,107.700005,-92.86875,29.868752
1706746492299,2.4872296E-4,5.995482E-4,0.002404213,-7.635591E-5,1.5271181E-4,-3.0542363E-4,107.606255,-92.756256,29.812502
1706746492501,4.897646E-4,-0.0010557175,8.2969666E-5,-0.0,1.5271181E-4,-3.8177954E-4,107.700005,-92.793755,29.681252
1706746492704,-0.0030380986,-0.0010956675,8.8977814E-4,-1.5271181E-4,7.635591E-5,-3.0542363E-4,107.700005,-92.850006,29.625002
1706746492906,6.8723457E-4,0.004614979,-0.0012340546,-7.635591E-5,0.0,-3.8177954E-4,107.81251,-92.90625,29.56875
1706746493109,0.0029471556,-0.0014158189,-0.0017356873,-1.5271181E-4,7.635591E-5,-4.5813544E-4,107.887505,-92.793755,29.493752
1706746493311,0.0027007759,5.246699E-4,5.8174133E-5,7.635591E-5,0.0,-2.2906772E-4,108.00001,-92.793755,29.475
1706746493512,-0.0013338972,-0.0020959526,-4.9209595E-4,7.635591E-5,0.0,-4.5813544E-4,107.981255,-92.7375,29.5125
1706746493715,6.414964E-4,-4.1912496E-4,0.0019483566,-2.2906772E-4,-7.635591E-5,-2.2906772E-4,108.05625,-92.71875,29.343752
1706746493918,-2.0326348E-4,-3.6890805E-4,0.005095482,0.0,0.0,-3.8177954E-4,108.131256,-92.700005,29.212502
1706746494120,6.4076297E-4,9.559393E-4,-0.0019197464,0.0,-0.0,-3.8177954E-4,108.1125,-92.662506,29.268751
1706746494322,0.00246137,-0.001123488,0.0016822815,-7.635591E-5,7.635591E-5,-4.5813544E-4,108.15,-92.53125,29.2875
1706746494525,-0.0022143484,7.580221E-5,0.004385948,-7.635591E-5,1.5271181E-4,-3.8177954E-4,108.075005,-92.49375,29.362501
1706746494727,4.819841E-4,0.0012150556,-7.2193146E-4,7.635591E-5,7.635591E-5,-6.1084726E-4,108.01875,-92.45625,29.41875
1706746494930,4.941649E-4,0.0015531629,0.0022535324,7.635591E-5,-7.635591E-5,-5.344914E-4,108.01875,-92.53125,29.493752
1706746495132,0.0012210584,-0.0018260181,-0.0022192001,0.0,7.635591E-5,-4.5813544E-4,107.943756,-92.45625,29.550001
1706746495334,-0.0020147641,7.095635E-4,1.1253357E-4,-1.5271181E-4,0.0,-6.1084726E-4,107.850006,-92.45625,29.587502
1706746495537,-0.0015841841,-7.574409E-4,-0.001821518,1.5271181E-4,1.5271181E-4,-6.8720314E-4,107.756256,-92.475006,29.681252
1706746495739,-8.6410204E-5,-9.369254E-4,4.5681E-4,-0.0,1.5271181E-4,-3.8177954E-4,107.5875,-92.512505,29.75625
1706746495941,0.0014464401,0.0020206124,1.5258789E-4,0.0,3.0542363E-4,-4.5813544E-4,107.5875,-92.512505,29.775002
1706746496143,-5.300032E-4,-7.9476833E-4,7.87735E-4,7.635591E-5,1.5271181E-4,-4.5813544E-4,107.606255,-92.418755,29.7
1706746496346,0.0015719004,-7.684082E-4,5.970001E-4,-7.635591E-5,1.5271181E-4,-6.8720314E-4,107.68125,-92.4,29.775002
1706746496548,-9.833784E-4,-5.2283704E-4,0.0032072067,-7.635591E-5,2.2906772E-4,-3.8177954E-4,107.5875,-92.2125,29.775002
1706746496750,-0.0010528157,0.0030219108,-0.0023469925,-1.5271181E-4,7.635591E-5,-6.1084726E-4,107.662506,-92.287506,29.7
1706746496953,-7.6134317E-4,-8.10802E-4,0.0019311905,7.635591E-5,0.0,-3.8177954E-4,107.68125,-92.45625,29.6625
1706746497155,-6.9949136E-5,8.893758E-4,-0.0020542145,-0.0,-7.635591E-5,-5.344914E-4,107.83125,-92.49375,29.60625
1706746497357,-9.799551E-4,-0.0012449622,-6.084442E-4,7.635591E-5,-7.635591E-5,-5.344914E-4,107.981255,-92.49375,29.475
1706746497560,0.0016436656,-0.0022851974,0.0022506714,-7.635591E-5,7.635591E-5,-3.8177954E-4,108.00001,-92.45625,29.41875
1706746497761,-5.128327E-4,0.004201904,0.0015745163,-7.635591E-5,2.2906772E-4,-6.1084726E-4,108.1125,-92.53125,29.41875
1706746497964,-0.0021802597,2.8261542E-4,4.4059753E-4,0.0,1.5271181E-4,-5.344914E-4,107.9625,-92.55,29.456251
1706746498167,9.265911E-4,0.0012042522,-0.0022153854,-1.5271181E-4,7.635591E-5,-6.1084726E-4,107.981255,-92.625,29.550001
1706746498369,0.0025785214,-8.829981E-4,2.7179718E-4,7.635591E-5,1.5271181E-4,-6.8720314E-4,107.83125,-92.55,29.681252
1706746498571,-0.0012553425,3.4543872E-4,0.0010938644,7.635591E-5,1.5271181E-4,-4.5813544E-4,107.793755,-92.381256,29.85
1706746498774,0.003128463,0.00101538,3.4999847E-4,-0.0,-1.5271181E-4,-6.1084726E-4,107.62501,-92.325005,30.13125
1706746498975,2.8419372E-4,0.0011594594,7.6293945E-4,-7.635591E-5,2.2906772E-4,-4.5813544E-4,107.55,-92.287506,30.337502
1706746499179,0.0013548887,9.5024705E-4,-0.001162529,0.0,1.5271181E-4,-6.8720314E-4,107.381256,-92.4,30.618752
1706746499380,-0.0010080799,0.0011933893,8.172989E-4,-1.5271181E-4,7.635591E-5,-6.1084726E-4,107.26875,-92.381256,30.73125
1706746499583,8.734347E-4,-8.8460743E-4,0.002743721,-1.5271181E-4,1.5271181E-4,-6.1084726E-4,107.381256,-92.30625,30.656252
1706746499785,-3.0406608E-4,4.0456653E-5,-5.9986115E-4,7.635591E-5,1.5271181E-4,-6.8720314E-4,107.34376,-92.26875,30.581251
1706746499988,3.867801E-4,-0.002151981,-0.0033636093,7.635591E-5,0.0,-6.1084726E-4,107.381256,-92.34375,30.6
1706746500190,0.003580086,0.0013640672,0.0010232925,0.0,-7.635591E-5,-4.5813544E-4,107.4,-92.381256,30.69375
1706746500392,5.7238387E-5,8.958727E-4,0.0025815964,-0.0,0.0,-8.39915E-4,107.4,-92.381256,30.656252
1706746500595,-7.7386363E-4,-0.001120314,-8.659363E-4,-2.2906772E-4,2.2906772E-4,-4.5813544E-4,107.43751,-92.3625,30.656252
1706746500797,-0.0018206453,-0.0010626763,-1.9836426E-4,-7.635591E-5,7.635591E-5,-6.1084726E-4,107.418755,-92.193756,30.54375
1706746500999,0.0021208655,3.0447543E-4,-8.172989E-4,-7.635591E-5,3.0542363E-4,-7.635591E-4,107.4,-92.08125,30.525002
1706746501202,-4.7214417E-6,-0.0010214597,0.0027179718,-7.635591E-5,1.5271181E-4,-6.1084726E-4,107.3625,-92.15625,30.54375
1706746501403,9.829492E-5,-0.0011529326,-0.0025911331,1.5271181E-4,2.2906772E-4,-6.1084726E-4,107.287506,-92.137505,30.6
1706746501606,0.0014569858,-8.177161E-4,-8.9359283E-4,-7.635591E-5,7.635591E-5,-6.8720314E-4,107.175,-92.006256,30.750002
1706746501808,0.0011153226,-6.400049E-5,6.1893463E-4,-7.635591E-5,2.2906772E-4,-7.635591E-4,107.25001,-91.96875,30.675001
1706746502010,0.0015651936,2.8656423E-4,-6.5231323E-4,-7.635591E-5,1.5271181E-4,-5.344914E-4,107.287506,-91.89375,30.6
1706746502213,2.6778225E-4,-5.7913363E-4,2.4700165E-4,-7.635591E-5,-0.0,-7.635591E-4,107.25001,-91.93125,30.581251
1706746502415,-0.0017329507,0.0019181222,9.994507E-4,-0.0,1.5271181E-4,-6.1084726E-4,107.381256,-92.006256,30.581251
1706746502618,0.002706706,-0.00481008,5.722046E-5,-0.0,2.2906772E-4,-6.1084726E-4,107.381256,-92.137505,30.69375
1706746502820,6.530933E-4,0.00403364,-9.4890594E-4,7.635591E-5,1.5271181E-4,-7.635591E-4,107.3625,-92.043755,30.806252
1706746503022,0.0019011094,0.003436774,-0.0012407303,-1.5271181E-4,-0.0,-7.635591E-4,107.418755,-92.043755,30.825
1706746503226,-3.7691375E-4,-3.0073524E-4,0.0025119781,-1.5271181E-4,1.5271181E-4,-7.635591E-4,107.53126,-92.100006,30.712502
1706746503427,0.00202021,0.0013827085,0.0032682419,-0.0,1.5271181E-4,-8.39915E-4,107.381256,-92.175,30.73125
1706746503629,0.0028580106,-0.0017474443,5.0354004E-4,-7.635591E-5,3.0542363E-4,-7.635591E-4,107.325005,-92.25,30.73125
1706746503832,-2.8140075E-4,-0.0014020056,-0.0027809143,-1.5271181E-4,-1.5271181E-4,-4.5813544E-4,107.381256,-92.25,30.768751
1706746504034,-4.553469E-5,0.0036869496,-0.0010957718,-7.635591E-5,3.8177954E-4,-6.1084726E-4,107.26875,-92.2125,30.768751
1706746504236,5.274189E-4,-0.0016947985,2.565384E-4,-7.635591E-5,0.0,-9.162709E-4,107.26875,-92.325005,30.656252
1706746504438,-8.7677664E-4,0.0020871311,7.762909E-4,-7.635591E-5,0.0,-7.635591E-4,107.175,-92.325005,30.675001
1706746504641,0.0011960682,1.296252E-4,0.0016536713,-1.5271181E-4,3.8177954E-4,-7.635591E-4,107.2125,-92.325005,30.73125
1706746504843,7.861407E-4,-4.6025217E-4,-3.4046173E-4,7.635591E-5,1.5271181E-4,-7.635591E-4,107.193756,-92.26875,30.73125
1706746505045,0.0019137957,-5.495995E-4,-0.002049446,7.635591E-5,7.635591E-5,-6.1084726E-4,107.30625,-92.137505,30.73125
1706746505247,0.0023245653,1.5752017E-4,4.529953E-4,-3.8177954E-4,-4.5813544E-4,-6.8720314E-4,107.3625,-92.193756,30.768751
1706746505450,-0.01298487,0.0030252188,-0.0012483597,-0.0020616094,-0.006566608,-4.5813544E-4,107.325005,-92.043755,30.712502
1706746505652,0.008629701,-5.4965913E-4,4.9495697E-4,0.0023670332,0.008246438,-9.926268E-4,107.26875,-92.287506,30.750002
1706746505855,0.009344827,3.7573278E-4,0.0025377274,-6.1084726E-4,-0.0010689828,-6.1084726E-4,107.325005,-92.231255,30.825
1706746506057,-0.0036889496,-0.0012750775,-0.0019598007,2.2906772E-4,6.8720314E-4,-6.1084726E-4,107.418755,-92.325005,30.806252
1706746506259,0.0024699494,4.6509504E-4,9.717941E-4,7.635591E-5,4.5813544E-4,-6.1084726E-4,107.45625,-92.418755,30.768751
1706746506462,-0.0025439728,-9.949058E-4,-3.4046173E-4,7.635591E-5,7.635591E-5,-8.39915E-4,107.418755,-92.512505,30.843752
1706746506664,-1.8293888E-4,-7.8855455E-4,0.0014438629,-1.5271181E-4,1.5271181E-4,-9.162709E-4,107.325005,-92.53125,30.88125
1706746506866,-9.7152416E-4,0.0012080073,8.8500977E-4,7.635591E-5,0.0,-6.1084726E-4,107.30625,-92.49375,30.91875
1706746507069,0.0037381796,0.002196595,5.912781E-4,7.635591E-5,1.5271181E-4,-7.635591E-4,107.26875,-92.53125,30.993752
1706746507271,0.0016722905,9.93222E-4,7.753372E-4,7.635591E-5,-3.8177954E-4,-0.0019852535,107.43751,-92.26875,30.91875
1706746507472,0.002077768,-0.0031939596,0.0012817383,1.5271181E-4,-1.5271181E-4,0.0,107.3625,-92.15625,30.900002
1706746507675,-9.5719984E-4,0.0035172254,6.2561035E-4,-7.635591E-5,2.2906772E-4,-4.5813544E-4,107.381256,-92.11875,30.862501
1706746507878,-0.002605377,-0.0024820268,-0.0037698746,-3.0542363E-4,1.5271181E-4,-0.0018325418,107.193756,-92.11875,30.843752
1706746508080,0.0012153476,0.0040932447,-0.0033388138,3.8177954E-4,-1.5271181E-4,-0.0010689828,107.2125,-92.100006,30.768751
1706746508282,0.0045266165,-0.0034420192,-0.0026779175,1.5271181E-4,7.635591E-5,-0.001603474,107.193756,-92.08125,30.750002
1706746508484,-0.0017323346,0.0042256564,0.0043668747,-1.5271181E-4,1.5271181E-4,-2.2906772E-4,107.2125,-92.15625,30.806252
1706746508687,-5.1740813E-4,-0.0035332888,1.707077E-4,-1.5271181E-4,0.0,-0.0015271181,107.11875,-92.25,30.88125
1706746508889,0.008927809,-0.010019854,-0.0043087006,-3.0542363E-4,0.001603474,0.0022143214,107.08125,-92.325005,30.956251
1706746509091,-0.011190018,0.010782525,8.4495544E-4,-2.2906772E-4,-6.1084726E-4,-3.8177954E-4,107.06251,-92.30625,30.975
1706746509293,-0.0031366062,0.008682862,1.1730194E-4,-1.5271181E-4,-0.0012980504,-0.00167983,107.06251,-92.26875,30.975
1706746509496,0.0062185787,-0.0016445518,0.001458168,6.1084726E-4,9.162709E-4,-6.8720314E-4,107.25001,-92.2125,30.937502
1706746509697,5.969724E-4,-0.002590552,-0.0016117096,7.635591E-5,-2.2906772E-4,-4.5813544E-4,107.25001,-92.381256,30.88125
1706746509901,0.0017034882,0.0032743067,4.453659E-4,-7.635591E-5,-2.2906772E-4,-9.162709E-4,107.25001,-92.325005,30.806252
1706746510103,-0.001136757,-7.509589E-4,0.0022668839,-2.2906772E-4,-1.5271181E-4,-0.0017561859,107.26875,-92.2125,30.656252
1706746510305,0.003069547,-0.0069240183,0.0019598007,-1.5271181E-4,4.5813544E-4,-5.344914E-4,107.26875,-92.175,30.675001
1706746510507,0.0015350846,0.0030024797,0.0015363693,7.635591E-5,-7.635591E-5,-3.0542363E-4,107.26875,-92.381256,30.712502
1706746510709,-0.0037805182,-0.0026074797,-4.1866302E-4,-7.635591E-5,-3.0542363E-4,-0.0011453386,107.325005,-92.4,30.6375
1706746510912,1.1539413E-4,0.0017850846,-0.002409935,-7.635591E-5,-2.2906772E-4,-8.39915E-4,107.26875,-92.4,30.525002
1706746511114,-0.0010049813,0.0022026598,0.002114296,-7.635591E-5,1.5271181E-4,-3.0542363E-4,107.25001,-92.381256,30.50625
1706746511317,0.0025188043,-0.0015838742,-0.001704216,-2.2906772E-4,-5.344914E-4,-0.0011453386,107.287506,-92.231255,30.50625
1706746511519,9.2091644E-4,-0.0011005253,-0.0010652542,-2.2906772E-4,3.0542363E-4,-0.0015271181,107.2125,-92.2125,30.45
1706746511721,0.0016283668,0.0019526631,-1.077652E-4,-1.5271181E-4,2.2906772E-4,-7.635591E-4,107.26875,-92.325005,30.54375
1706746511924,0.002018171,0.0014054626,0.0017499924,-7.635591E-5,7.635591E-5,-6.1084726E-4,107.137505,-92.49375,30.54375
1706746512126,-0.0044764476,3.1648576E-4,0.002380371,0.0,-2.2906772E-4,-7.635591E-4,107.193756,-92.325005,30.525002
1706746512328,-0.0027800007,0.0012995303,-0.0020599365,-7.635591E-5,-7.635591E-5,-4.5813544E-4,107.2125,-92.30625,30.487501
1706746512530,2.2168458E-4,0.0023376048,-6.160736E-4,-7.635591E-5,2.2906772E-4,-6.8720314E-4,107.287506,-92.2125,30.656252
1706746512733,-1.7091632E-5,0.0015089661,0.002322197,-7.635591E-5,1.5271181E-4,-5.344914E-4,107.2125,-92.175,30.768751
1706746512936,6.5296376E-4,-0.0017036349,-8.840561E-4,1.5271181E-4,0.0,-6.8720314E-4,107.137505,-92.11875,30.825
1706746513137,-0.0020074146,0.0019650012,-0.0018043518,-7.635591E-5,-0.0,-6.8720314E-4,107.175,-92.137505,30.993752
1706746513340,0.0017918639,-0.0011729449,3.9291382E-4,-0.0,-0.0,-3.0542363E-4,107.2125,-92.2125,30.91875
1706746513542,-9.811034E-4,-1.8520653E-4,-4.4822693E-5,0.0,7.635591E-5,-9.926268E-4,107.26875,-91.93125,30.937502
1706746513744,-2.8224592E-4,-0.0011247545,-0.0020799637,-7.635591E-5,0.0,-0.0010689828,107.287506,-92.043755,30.937502
1706746513945,0.002758497,-0.003382042,-0.0014648438,7.635591E-5,-7.635591E-5,-6.1084726E-4,107.231255,-92.08125,31.050001
1706746514149,9.0469094E-4,5.7546794E-4,0.0014591217,1.5271181E-4,7.635591E-5,-3.8177954E-4,107.100006,-92.2125,30.993752
1706746514351,-1.8680491E-4,-0.0010750741,-0.0037355423,-7.635591E-5,3.0542363E-4,-0.0010689828,107.193756,-92.2125,30.937502
1706746514554,0.002216327,8.316487E-4,-0.002038002,-7.635591E-5,-7.635591E-5,-0.0010689828,107.287506,-92.25,30.843752
