deviceId,Ay,Ax,Gy,Gx,activity,My,Mx,Az,counter,Gz,Lilluminance,timestamp,Mz
629b502066d8a33a,0.6251280307769775,0.4289519786834717,,,1,,,0.702659010887146,0,,17.700000762939453,2023-06-09 20:12:39,
629b502066d8a33a,0.7030860185623169,0.37252700328826904,0.005951222963631153,0.012789273634552956,1,-38.600799560546875,24.54640007019043,0.8089209794998169,1,0.009467661380767822,12.287500381469727,2023-06-09 20:12:39,-21.313400268554688
629b502066d8a33a,0.4534130096435547,0.37667497992515564,-0.022468794137239456,0.0160917229950428,1,-37.79560089111328,26.51059913635254,0.8118489980697632,2,0.016506925225257874,11.387499809265137,2023-06-09 20:12:39,-20.703399658203125
629b502066d8a33a,0.4753729999065399,0.08357000350952148,-0.03667614236474037,0.017092466354370117,1,-36.67319869995117,28.364999771118164,0.590785026550293,0,0.02151383087038994,11.612500190734863,2023-06-09 20:12:40,-20.23979949951172
629b502066d8a33a,0.580659031867981,0.031049001961946487,,,1,-35.97779846191406,29.4507999420166,0.7310240268707275,1,,12.112500190734863,2023-06-09 20:12:40,-19.995800018310547
629b502066d8a33a,0.6576410531997681,0.13633500039577484,-0.03369201347231865,0.015784047544002533,1,,,1.0832380056381226,2,0.020081916823983192,12.737500190734863,2023-06-09 20:12:40,
629b502066d8a33a,0.49397799372673035,-0.04684799909591675,-0.021440371870994568,0.016247157007455826,1,-35.77040100097656,29.999799728393555,0.845337986946106,3,0.009620966389775276,13.862500190734863,2023-06-09 20:12:40,-19.751800537109375
629b502066d8a33a,0.5127660036087036,0.01836100034415722,,,1,,,0.5363119840621948,4,,,2023-06-09 20:12:40,
629b502066d8a33a,0.5386910438537598,0.039101000875234604,-0.009201506152749062,0.020256515592336655,1,-35.77040100097656,30.268199920654297,0.5211840271949768,5,-0.006337679922580719,14.199999809265137,2023-06-09 20:12:40,-19.434598922729492
629b502066d8a33a,0.6747210025787354,0.12120699882507324,-0.004785464610904455,0.025563642382621765,1,-35.61180114746094,30.341400146484375,0.8247810006141663,6,-0.02022138237953186,14.375,2023-06-09 20:12:40,-19.446800231933594
629b502066d8a33a,0.6571530103683472,0.23039700090885162,,,1,,,1.0031449794769287,7,,14.824999809265137,2023-06-09 20:12:40,
629b502066d8a33a,0.4211440086364746,0.2479649931192398,-0.0077589466236531734,0.02771417424082756,1,-35.23360061645508,30.207199096679688,0.7551800012588501,0,-0.025954358279705048,14.262499809265137,2023-06-09 20:12:41,-19.995800018310547
629b502066d8a33a,0.0777139961719513,0.12389099597930908,-0.008088978938758373,0.017637550830841064,1,-33.44020080566406,30.82939910888672,1.1008670330047607,1,-0.019777435809373856,15.100000381469727,2023-06-09 20:12:41,-20.9596004486084
629b502066d8a33a,0.2113649845123291,-0.03757600113749504,0.005013293121010065,-0.012578479014337063,1,-32.39099884033203,31.45159912109375,0.7388319969177246,2,-0.0016033169813454151,20.512500762939453,2023-06-09 20:12:41,-21.264598846435547
629b502066d8a33a,0.7089419960975647,-0.033427998423576355,,,1,,,1.0392569303512573,3,,28.462499618530273,2023-06-09 20:12:41,
629b502066d8a33a,0.6082919836044312,-0.00024399999529123306,0.03242724388837814,-0.05180864408612251,1,-32.07379913330078,31.7810001373291,0.7412720322608948,4,0.017394818365573883,32.1875,2023-06-09 20:12:41,-20.89859962463379
629b502066d8a33a,0.49739399552345276,-0.04050400108098984,0.05977412685751915,-0.07102395594120026,1,-31.927398681640625,31.988399505615234,0.6347659826278687,5,0.019807245582342148,32.63750076293945,2023-06-09 20:12:41,-20.410598754882812
629b502066d8a33a,0.6781370043754578,-0.006587999872863293,0.06951645761728287,-0.05268482491374016,1,-31.622400283813477,32.19580078125,0.8098970055580139,0,0.00048333723680116236,38.775001525878906,2023-06-09 20:12:42,-20.081199645996094
629b502066d8a33a,0.5655310153961182,0.12511099874973297,,,1,-31.048999786376953,32.41539764404297,1.1538149118423462,1,,28.512500762939453,2023-06-09 20:12:42,-20.325199127197266
629b502066d8a33a,0.3764919936656952,0.005123999901115894,0.05895436927676201,-0.012303807772696018,1,,,0.7952569723129272,2,-0.02660909853875637,26.600000381469727,2023-06-09 20:12:42,
629b502066d8a33a,0.36545100808143616,0.004391999915242195,0.04031394422054291,0.018844829872250557,1,-30.18280029296875,32.939998626708984,0.5822449922561646,3,-0.04294568672776222,30.037500381469727,2023-06-09 20:12:42,-20.300800323486328
629b502066d8a33a,0.4223639965057373,-0.04837300255894661,0.028488153591752052,0.025826603174209595,1,-29.49959945678711,33.84280014038086,0.8565619587898254,4,-0.04421364888548851,29.587499618530273,2023-06-09 20:12:42,-19.58099937438965
629b502066d8a33a,0.6017040014266968,-0.28554099798202515,0.03050028346478939,0.0153933335095644,1,-29.694799423217773,34.81879806518555,1.2991780042648315,5,-0.03886393457651138,38.275001525878906,2023-06-09 20:12:42,-18.104799270629883
629b502066d8a33a,0.28560200333595276,-0.2327760010957718,,,1,,,0.49946799874305725,0,,41.48749923706055,2023-06-09 20:12:43,
629b502066d8a33a,0.4138239920139313,-0.18635500967502594,0.0437079519033432,0.0023027718998491764,1,-29.609399795532227,35.24580001831055,0.4105300009250641,1,-0.03635675460100174,39.51250076293945,2023-06-09 20:12:43,-17.323999404907227
629b502066d8a33a,0.5745589733123779,-0.08204499632120132,0.05818251892924309,-0.00349088734947145,1,-29.060400009155273,35.48979949951172,0.9073749780654907,2,-0.039396245032548904,37.42499923706055,2023-06-09 20:12:43,-17.409399032592773
629b502066d8a33a,0.44950899481773376,-0.072284996509552,0.06333847343921661,-0.0035164381843060255,1,-28.535799026489258,35.697200775146484,1.437952995300293,3,-0.04262417182326317,32.41250228881836,2023-06-09 20:12:43,-17.714399337768555
629b502066d8a33a,0.3142109811306,-0.11333800852298737,,,1,,,0.8152649998664856,4,,26.600000381469727,2023-06-09 20:12:43,
629b502066d8a33a,0.35910698771476746,-0.16805499792099,0.057360634207725525,-0.0037953683640807867,1,-28.13319969177246,36.03879928588867,0.5441200137138367,5,-0.04089522734284401,23.11250114440918,2023-06-09 20:12:43,-17.726598739624023
629b502066d8a33a,0.45463302731513977,-0.051545001566410065,0.04774605482816696,-0.006270608864724636,1,-27.998998641967773,36.42919921875,0.6581900119781494,6,-0.03448515385389328,18.712499618530273,2023-06-09 20:12:43,-17.25079917907715
629b502066d8a33a,0.6656929850578308,-0.37514999508857727,0.040645044296979904,-0.007883506827056408,1,-28.596799850463867,36.331600189208984,1.2164009809494019,0,-0.02725638821721077,14.987500190734863,2023-06-09 20:12:44,-17.031200408935547
629b502066d8a33a,0.44902101159095764,0.0026840001810342073,,,1,-30.011999130249023,35.68499755859375,0.6733790040016174,1,,13.75,2023-06-09 20:12:44,-16.457799911499023
629b502066d8a33a,0.5540630221366882,0.36276698112487793,0.03443298861384392,-0.004680067300796509,1,,,0.7559120059013367,2,-0.021835345774888992,13.02500057220459,2023-06-09 20:12:44,
629b502066d8a33a,0.5408869981765747,0.3810670077800751,0.025874512270092964,0.00408281572163105,1,-32.07379913330078,34.46500015258789,0.8738859295845032,3,-0.015622226521372795,13.637499809265137,2023-06-09 20:12:44,-15.371999740600586
629b502066d8a33a,0.6876530051231384,0.11211799830198288,0.016048073768615723,0.015456145629286766,1,-34.001399993896484,33.28160095214844,0.8631500005722046,4,-0.002859567990526557,11.324999809265137,2023-06-09 20:12:44,-14.603399276733398
629b502066d8a33a,0.5230140089988708,-0.05227699875831604,0.009944610297679901,0.02478647045791149,1,-35.68499755859375,32.52519989013672,0.6785029768943787,5,0.01815282739698887,10.487500190734863,2023-06-09 20:12:44,-13.883599281311035
629b502066d8a33a,0.5574789643287659,0.041540998965501785,,,1,,,0.5680930018424988,0,,9.074999809265137,2023-06-09 20:12:45,
629b502066d8a33a,0.6744769811630249,0.09357400238513947,0.010815469548106194,0.029986072331666946,1,-37.05139923095703,32.0005989074707,0.7395640015602112,1,0.039611298590898514,9.012499809265137,2023-06-09 20:12:45,-13.517600059509277
629b502066d8a33a,0.6703289747238159,-0.08497299998998642,0.016780532896518707,0.033631328493356705,1,-38.234798431396484,31.268598556518555,1.5036499500274658,2,0.04924716800451279,9.012499809265137,2023-06-09 20:12:45,-13.76159954071045
629b502066d8a33a,0.431208997964859,-0.06911300122737885,0.023216156288981438,0.03828797489404678,1,-39.51580047607422,30.46339988708496,0.3030479848384857,3,0.042975496500730515,10.762499809265137,2023-06-09 20:12:45,-13.859199523925781
629b502066d8a33a,0.7204099893569946,0.08771799504756927,,,1,,,0.9273830056190491,4,,,2023-06-09 20:12:45,
629b502066d8a33a,0.7169939875602722,-0.07765299826860428,0.02564881183207035,0.0398082509636879,1,-40.39419937133789,29.999799728393555,1.0666459798812866,5,0.030316105112433434,11.949999809265137,2023-06-09 20:12:45,-13.956799507141113
629b502066d8a33a,0.48860999941825867,0.35398298501968384,0.021890705451369286,0.03179805353283882,1,-40.47959899902344,29.87779998779297,0.9774640202522278,6,0.023923063650727272,12,2023-06-09 20:12:45,-14.676599502563477
629b502066d8a33a,0.40577200055122375,-0.15237800776958466,0.012568897567689419,0.017058398574590683,1,-39.857398986816406,30.524398803710938,0.57321697473526,0,0.02548273280262947,10.9375,2023-06-09 20:12:46,-15.689199447631836
629b502066d8a33a,0.5076420307159424,0.10235799849033356,,,1,-39.12540054321289,31.024599075317383,0.6792349815368652,1,,12,2023-06-09 20:12:46,-16.750598907470703
629b502066d8a33a,0.43608900904655457,0.16537100076675415,0.0002768010599538684,0.006172663532197475,1,,,1.254709005355835,2,0.02665487863123417,13.699999809265137,2023-06-09 20:12:46,
629b502066d8a33a,0.3525190055370331,-0.026108000427484512,-0.011197667568922043,0.004490565042942762,1,-38.67399978637695,30.768400192260742,1.0961700677871704,3,0.021958841010928154,13.862500190734863,2023-06-09 20:12:46,-18.043800354003906
629b502066d8a33a,0.48226600885391235,-0.06520900130271912,-0.019889220595359802,0.005053748842328787,1,-38.478797912597656,30.207199096679688,0.4496309757232666,4,0.016107693314552307,14.875,2023-06-09 20:12:46,-18.8612003326416
629b502066d8a33a,0.5936520099639893,0.4201679825782776,,,1,-38.40559768676758,29.365400314331055,1.112091064453125,5,,,2023-06-09 20:12:46,-19.458999633789062
629b502066d8a33a,0.35325101017951965,0.4228519797325134,-0.030175574123859406,-0.0007665260345675051,1,,,0.9188429713249207,0,0.01647818088531494,14.487500190734863,2023-06-09 20:12:47,
629b502066d8a33a,0.3425150215625763,0.015432999469339848,-0.048495545983314514,-0.011379717849195004,1,-38.24699783325195,28.743200302124023,1.0046089887619019,1,0.02353128418326378,13.52500057220459,2023-06-09 20:12:47,-19.8981990814209
629b502066d8a33a,0.4573169946670532,-0.08350899815559387,-0.06958672404289246,-0.01947614923119545,1,-38.39339828491211,28.279600143432617,0.4210220277309418,2,0.032557129859924316,12.800000190734863,2023-06-09 20:12:47,-19.483400344848633
629b502066d8a33a,0.6295199990272522,0.21130399405956268,-0.07509399950504303,-0.01937820389866829,1,-38.77159881591797,27.43779945373535,0.7815930247306824,3,0.03883412480354309,12.96250057220459,2023-06-09 20:12:47,-18.970998764038086
629b502066d8a33a,0.46756502985954285,-0.0542290024459362,,,1,,,0.7337079644203186,4,,12.449999809265137,2023-06-09 20:12:47,
629b502066d8a33a,0.5200859904289246,-0.011223999783396721,-0.053732410073280334,-0.010882540605962276,1,-39.47919845581055,26.18120002746582,0.3032919764518738,5,0.04133385047316551,12.0625,2023-06-09 20:12:47,-18.263399124145508
629b502066d8a33a,0.6046320199966431,0.0689300000667572,-0.016443047672510147,0.002473111031576991,1,-40.32099914550781,24.85140037536621,0.417605996131897,6,0.042469799518585205,12.112500190734863,2023-06-09 20:12:47,-17.21419906616211
629b502066d8a33a,0.8432639837265015,0.1424349993467331,0.016253545880317688,0.015340101905167103,1,-41.22380065917969,23.78999900817871,0.9791719913482666,0,0.045520998537540436,12.287500381469727,2023-06-09 20:12:48,-16.042999267578125
629b502066d8a33a,0.4861700236797333,0.08064199984073639,,,1,-41.931400299072266,23.16779899597168,0.8685179948806763,1,,12.112500190734863,2023-06-09 20:12:48,-14.713199615478516
629b502066d8a33a,0.4820220172405243,0.046664997935295105,0.03445747494697571,0.021860895678400993,1,,,0.5956650376319885,2,0.05235479399561882,11.887499809265137,2023-06-09 20:12:48,
629b502066d8a33a,0.5367389917373657,0.021777000278234482,0.04265078529715538,0.019866863265633583,1,-42.65119934082031,23.20439910888672,0.5722410082817078,3,0.06157226860523224,12.40000057220459,2023-06-09 20:12:48,-13.12720012664795
629b502066d8a33a,0.8457039594650269,-0.028060002252459526,0.04769069328904152,0.01491212472319603,1,-43.37099838256836,22.85059928894043,1.056886076927185,4,0.0676129162311554,12.737500190734863,2023-06-09 20:12:48,-12.11460018157959
629b502066d8a33a,0.5144740343093872,-0.13603000342845917,,,1,,,0.442982017993927,5,,11.612500190734863,2023-06-09 20:12:48,
629b502066d8a33a,0.6248840093612671,0.14194700121879578,0.051233746111392975,0.017466146498918533,1,-44.00539779663086,22.2283992767334,0.43688198924064636,6,0.06423488259315491,12.0625,2023-06-09 20:12:48,-11.345999717712402
629b502066d8a33a,0.7775670289993286,0.3844829797744751,0.048475317656993866,0.031082630157470703,1,-44.468997955322266,21.777000427246094,0.7549359798431396,0,0.052008792757987976,11.887499809265137,2023-06-09 20:12:49,-11.089799880981445
629b502066d8a33a,0.5516229867935181,0.3542269766330719,0.03251667320728302,0.047536324709653854,1,-44.74959945678711,21.313400268554688,1.2048720121383667,1,0.03878834471106529,12.112500190734863,2023-06-09 20:12:49,-11.797399520874023
629b502066d8a33a,0.45146098732948303,0.2684609889984131,0.005087816622108221,0.055553972721099854,1,-44.895999908447266,21.55739974975586,0.6452580094337463,2,0.0317554697394371,12.112500190734863,2023-06-09 20:12:49,-12.370800018310547
629b502066d8a33a,0.565043032169342,0.3236660063266754,,,1,,,0.6474539637565613,3,,11.4375,2023-06-09 20:12:49,
629b502066d8a33a,0.8088600039482117,0.4421279728412628,-0.024436211213469505,0.05241973325610161,1,-26.291000366210938,9.040200233459473,1.1455190181732178,4,0.030506670475006104,12.40000057220459,2023-06-09 20:12:49,-6.002399921417236
629b502066d8a33a,0.6017040014266968,0.21960000693798065,-0.047564003616571426,0.044248778373003006,1,-26.559398651123047,9.076799392700195,1.0243730545043945,5,0.02980402298271656,12.287500381469727,2023-06-09 20:12:49,-6.3684000968933105
629b502066d8a33a,0.5171579718589783,0.05862100049853325,-0.06577538698911667,0.0377545990049839,1,-23.729000091552734,6.941799640655518,0.2131340056657791,0,0.026890158653259277,11.83750057220459,2023-06-09 20:12:50,-4.269999980926514
629b502066d8a33a,0.9053009748458862,0.480741024017334,,,1,-25.619998931884766,8.28380012512207,0.670939028263092,1,,12.225000381469727,2023-06-09 20:12:50,-5.916999816894531
629b502066d8a33a,0.6407439708709717,0.4135800004005432,-0.0867728739976883,0.03765878453850746,1,,,0.5932250022888184,2,0.021024106070399284,12.912500381469727,2023-06-09 20:12:50,
629b502066d8a33a,0.5794389843940735,0.5244779586791992,-0.11209804564714432,0.045186709612607956,1,-25.351598739624023,8.930399894714355,0.43273401260375977,3,0.011857732199132442,12.512499809265137,2023-06-09 20:12:50,-6.6977996826171875
629b502066d8a33a,0.5745589733123779,-0.014640000648796558,-0.1285751610994339,0.05665905028581619,1,-26.18120002746582,11.199600219726562,0.48647499084472656,4,-0.0007622675620950758,6.9375,2023-06-09 20:12:50,-7.832399845123291
629b502066d8a33a,0.7907429933547974,-0.09473299980163574,,,1,-22.996999740600586,9.723400115966797,0.6628260016441345,5,,4.900000095367432,2023-06-09 20:12:50,-4.818999767303467
629b502066d8a33a,0.6058520078659058,-0.21203599870204926,-0.11414637416601181,0.0653655081987381,1,,,0.6550180315971375,0,-0.01587028242647648,4.900000095367432,2023-06-09 20:12:51,
629b502066d8a33a,0.5769990086555481,-0.10034500062465668,-0.06366105377674103,0.06598298996686935,1,-22.789600372314453,10.736000061035156,0.6034730076789856,1,-0.029508057981729507,4.962500095367432,2023-06-09 20:12:51,-4.013800144195557
629b502066d8a33a,0.6248840093612671,0.04007699713110924,-0.0006856149411760271,0.05906083062291145,1,-24.399999618530273,12.248799324035645,0.31256401538848877,2,-0.03729787841439247,5.125,2023-06-09 20:12:51,-6.307399749755859
629b502066d8a33a,0.870652973651886,-0.00317199993878603,0.043863385915756226,0.04764491692185402,1,-24.10719871520996,13.139399528503418,0.7757369875907898,3,-0.036643136292696,4.787499904632568,2023-06-09 20:12:51,-6.295199871063232
629b502066d8a33a,0.6004840135574341,0.0600849986076355,,,1,,,0.9494039416313171,4,,4.787499904632568,2023-06-09 20:12:51,
629b502066d8a33a,0.4253529906272888,0.08479000627994537,0.059446223080158234,0.034282878041267395,1,-22.338199615478516,13.395599365234375,0.2336909919977188,5,-0.029714593663811684,5.525000095367432,2023-06-09 20:12:51,-4.63599967956543
629b502066d8a33a,0.37795600295066833,0.12242699414491653,0.05704231187701225,0.017062656581401825,1,-21.679399490356445,14.481399536132812,-0.24680599570274353,6,-0.019014103338122368,4.675000190734863,2023-06-09 20:12:51,-4.80679988861084
629b502066d8a33a,0.455608993768692,0.05593699961900711,0.0501914843916893,-0.008048523217439651,1,-17.738800048828125,14.042200088500977,1.8678810596466064,0,-0.005591381341218948,3.7750000953674316,2023-06-09 20:12:52,-3.074399948120117
629b502066d8a33a,0.3850319981575012,-0.047885000705718994,0.043890003114938736,-0.03835078701376915,1,-17.470399856567383,14.139800071716309,0.9044470191001892,1,0.006374941673129797,3.6625001430511475,2023-06-09 20:12:52,-4.294399738311768
629b502066d8a33a,0.2526009976863861,0.07405400276184082,,,1,,,0.12279299646615982,2,,4.287499904632568,2023-06-09 20:12:52,
629b502066d8a33a,0.28169798851013184,0.10528600215911865,0.03892568126320839,-0.06612138450145721,1,-17.385000228881836,13.907999992370605,0.2962160110473633,3,0.013432304374873638,3.612499952316284,2023-06-09 20:12:52,-5.904799938201904
629b502066d8a33a,0.37673598527908325,-0.11504600197076797,0.0356796570122242,-0.08480332791805267,1,-16.726200103759766,13.480999946594238,1.295274019241333,4,0.016454758122563362,3.549999952316284,2023-06-09 20:12:52,-8.234999656677246
629b502066d8a33a,-0.05538799986243248,-0.19562700390815735,,,1,-16.18939971923828,12.541600227355957,1.4604010581970215,5,,3.7250001430511475,2023-06-09 20:12:52,-10.552999496459961
629b502066d8a33a,0.014700999483466148,0.10235799849033356,0.03485138341784477,-0.09783639758825302,1,,,0.24589098989963531,6,0.021391399204730988,3.387500047683716,2023-06-09 20:12:52,
629b502066d8a33a,0.005429000128060579,0.08430200070142746,0.04877766966819763,-0.1175755113363266,1,-15.957599639892578,11.260600090026855,0.33476802706718445,0,0.03513776510953903,3.549999952316284,2023-06-09 20:12:53,-12.382999420166016
629b502066d8a33a,-0.11522899568080902,-0.48903703689575195,0.08325537294149399,-0.14449335634708405,1,-15.054800033569336,10.296799659729004,1.5444589853286743,1,0.0559106208384037,4.0625,2023-06-09 20:12:53,-14.835199356079102
629b502066d8a33a,0.08015399426221848,-0.007075999863445759,0.11799177527427673,-0.16261956095695496,1,-15.066999435424805,9.137800216674805,0.608657956123352,2,0.07328733801841736,3.612499952316284,2023-06-09 20:12:53,-16.469999313354492
629b502066d8a33a,0.3442229926586151,0.1878799945116043,,,1,,,0.6032289862632751,3,,3.7750000953674316,2023-06-09 20:12:53,
629b502066d8a33a,0.2206369936466217,-0.12797801196575165,0.12691861391067505,-0.15853355824947357,1,-15.677000045776367,8.454599380493164,1.550315022468567,4,0.07737547904253006,3.7250001430511475,2023-06-09 20:12:53,-16.799400329589844
629b502066d8a33a,0.18665999174118042,0.1861719936132431,,,1,-15.408599853515625,8.503399848937988,1.5199980735778809,5,,3.6625001430511475,2023-06-09 20:12:53,-17.690000534057617
629b502066d8a33a,0.1878799945116043,-0.07789699733257294,0.10153701901435852,-0.13423468172550201,1,,,0.43126997351646423,0,0.06529204547405243,,2023-06-09 20:12:54,
629b502066d8a33a,0.347883015871048,-0.2134999930858612,0.06486726552248001,-0.10452540218830109,1,-15.140199661254883,9.564800262451172,0.42809799313545227,1,0.044507481157779694,3.6625001430511475,2023-06-09 20:12:54,-17.043399810791016
629b502066d8a33a,0.5188660025596619,-0.261324018239975,,,1,,,0.8203890323638916,2,,3.7750000953674316,2023-06-09 20:12:54,
629b502066d8a33a,0.5137419700622559,-0.17366699874401093,0.04236653074622154,-0.07677397131919861,1,-15.298799514770508,10.955599784851074,1.2290890216827393,3,0.02192690223455429,3.950000047683716,2023-06-09 20:12:54,-15.554999351501465
629b502066d8a33a,0.39650002121925354,-0.2046549916267395,,,1,-15.591599464416504,12.675799369812012,0.7803729772567749,4,,4.0625,2023-06-09 20:12:54,-13.981199264526367
629b502066d8a33a,0.46756502985954285,-0.08204499632120132,0.039182256907224655,-0.04812931641936302,1,,,0.4811069965362549,5,-0.0007707845070399344,,2023-06-09 20:12:54,
629b502066d8a33a,0.616100013256073,-0.08594900369644165,0.04651109501719475,-0.0203885268419981,1,-16.445600509643555,13.834799766540527,0.9315310120582581,6,-0.01938246190547943,5.125,2023-06-09 20:12:54,-11.541199684143066
629b502066d8a33a,0.8410679697990417,0.1954440027475357,,,1,-17.750999450683594,12.663599967956543,1.055177927017212,7,,5.412499904632568,2023-06-09 20:12:54,-5.843800067901611
629b502066d8a33a,0.8300880193710327,0.1412149965763092,0.044267941266298294,0.008990711532533169,1,,,-0.2504660189151764,8,-0.032531578093767166,3.950000047683716,2023-06-09 20:12:54,
629b502066d8a33a,0.7177259922027588,-0.3160409927368164,0.020744111388921738,0.05316390469670296,1,-15.286600112915039,11.040999412536621,-0.43688198924064636,0,-0.04161597415804863,3.5,2023-06-09 20:12:55,2.635200023651123
629b502066d8a33a,0.7301700115203857,0.10430999845266342,,,1,-12.480599403381348,9.881999969482422,-0.3564840257167816,1,,3.6625001430511475,2023-06-09 20:12:55,10.772600173950195
629b502066d8a33a,1.0005830526351929,-0.27260899543762207,-0.016995584592223167,0.12293799966573715,1,,,-0.5011149644851685,2,-0.04901720955967903,3.887500047683716,2023-06-09 20:12:55,
629b502066d8a33a,0.9844789505004883,-0.652944028377533,-0.04564768821001053,0.20966297388076782,1,-10.455399513244629,8.893799781799316,-0.3659999966621399,3,-0.05686239153146744,,2023-06-09 20:12:55,18.141399383544922
629b502066d8a33a,0.707722008228302,-0.45798802375793457,,,1,,,0.21288999915122986,4,,4.5625,2023-06-09 20:12:55,
629b502066d8a33a,0.6148799657821655,-0.29944899678230286,-0.040355466306209564,0.28488364815711975,1,-9.833199501037598,8.161799430847168,0.15182900428771973,5,-0.06473951041698456,4.675000190734863,2023-06-09 20:12:55,22.679800033569336
629b502066d8a33a,0.9057890176773071,-0.2432679980993271,-0.001384005299769342,0.32414788007736206,1,-33.891597747802734,19.2637996673584,0.38094499707221985,6,-0.07402724772691727,4.900000095367432,2023-06-09 20:12:55,27.340200424194336
629b502066d8a33a,1.073599934577942,-0.3534339964389801,,,1,,,0.8013570308685303,0,,4.737500190734863,2023-06-09 20:12:56,
629b502066d8a33a,0.8234999775886536,0.07259000092744827,0.04711899533867836,0.3160855174064636,1,-33.78179931640625,18.580598831176758,0.5719969868659973,1,-0.08011794090270996,4.675000190734863,2023-06-09 20:12:56,29.938798904418945
629b502066d8a33a,0.6082919836044312,-0.2874930202960968,0.08264853805303574,0.2607434093952179,1,-32.732601165771484,19.312599182128906,0.34532099962234497,2,-0.07371319085359573,4.675000190734863,2023-06-09 20:12:56,32.08599853515625
629b502066d8a33a,0.7897670269012451,-0.3702699840068817,0.10095786303281784,0.17826201021671295,1,-31.45159912109375,22.8627986907959,0.4071139991283417,3,-0.057381924241781235,4.512500286102295,2023-06-09 20:12:56,31.09779930114746
629b502066d8a33a,0.967337965965271,-0.5974950194358826,,,1,,,0.6376940011978149,4,,4.112500190734863,2023-06-09 20:12:56,
629b502066d8a33a,0.5523549914360046,-0.3038409948348999,0.10468296706676483,0.10571245849132538,1,-33.75740051269531,26.291000366210938,0.6186619997024536,5,-0.044919490814208984,,2023-06-09 20:12:56,26.80340003967285
629b502066d8a33a,0.6092680096626282,-0.1160220056772232,,,1,-34.989601135253906,28.682199478149414,0.21020598709583282,6,,4.512500286102295,2023-06-09 20:12:56,21.14259910583496
629b502066d8a33a,0.8149600028991699,-0.11650999635457993,0.09481075406074524,0.06822933256626129,1,,,0.5328959822654724,0,-0.044226422905921936,4.787499904632568,2023-06-09 20:12:57,
629b502066d8a33a,0.9653860330581665,-0.1289539933204651,0.07577961683273315,0.05972515419125557,1,-37.209999084472656,30.072999954223633,0.6841149926185608,1,-0.04897143319249153,5.012500286102295,2023-06-09 20:12:57,17.17759895324707
629b502066d8a33a,0.7831790447235107,-0.01390800066292286,0.05670802295207977,0.059163033962249756,1,-37.80780029296875,30.621999740600586,0.8577820062637329,2,-0.050225552171468735,5.125,2023-06-09 20:12:57,14.566800117492676
629b502066d8a33a,0.4199239909648895,-0.28554099798202515,,,1,-35.97779846191406,31.280799865722656,0.5360680222511292,3,,5.012500286102295,2023-06-09 20:12:57,12.614799499511719
629b502066d8a33a,0.6788690090179443,-0.3114050030708313,0.049530357122421265,0.05240057036280632,1,,,-0.059230998158454895,4,-0.04755548760294914,5.1875,2023-06-09 20:12:57,
629b502066d8a33a,0.7922070026397705,-0.3866789937019348,0.05638544261455536,0.0366942398250103,1,-30.646398544311523,30.743999481201172,0.4283420145511627,5,-0.04514199495315552,7.4375,2023-06-09 20:12:57,7.917799949645996
629b502066d8a33a,0.24601298570632935,-0.27285298705101013,0.06195978820323944,0.018318908289074898,1,-27.376798629760742,28.950599670410156,1.1289269924163818,6,-0.045376211404800415,,2023-06-09 20:12:57,2.147199869155884
629b502066d8a33a,0.5093500018119812,-0.0424560010433197,0.0454816073179245,0.005269866436719894,1,-27.86479949951172,26.81559944152832,0.5780969858169556,0,-0.044653333723545074,7.050000190734863,2023-06-09 20:12:58,-0.7563999891281128
629b502066d8a33a,0.7121139764785767,0.23893700540065765,,,1,,,0.6530659794807434,1,,7.212500095367432,2023-06-09 20:12:58,
629b502066d8a33a,0.8064200282096863,0.22350400686264038,0.0021622420754283667,-0.002412427682429552,1,-28.608999252319336,25.058799743652344,0.7583520412445068,2,-0.03445427864789963,8.112500190734863,2023-06-09 20:12:58,-3.171999931335449
629b502066d8a33a,0.4517049789428711,0.2782209813594818,-0.050082895904779434,-0.010971968062222004,1,-29.060400009155273,24.034000396728516,1.0204689502716064,3,-0.01139462273567915,8.449999809265137,2023-06-09 20:12:58,-6.112199783325195
629b502066d8a33a,0.42925700545310974,0.043981000781059265,,,1,,,0.538752019405365,4,,8,2023-06-09 20:12:58,
629b502066d8a33a,0.48348596692085266,0.10894599556922913,-0.08717423677444458,-0.025344330817461014,1,-29.4385986328125,23.54599952697754,0.8765699863433838,5,0.016894446685910225,,2023-06-09 20:12:58,-8.28380012512207
629b502066d8a33a,0.6693530082702637,0.11382599174976349,,,1,-29.572799682617188,22.960399627685547,0.863394021987915,6,,8,2023-06-09 20:12:58,-10.540800094604492
629b502066d8a33a,0.37380799651145935,0.0056119998916983604,-0.09791837632656097,-0.043188419193029404,1,,,1.0016809701919556,7,0.03667401149868965,,2023-06-09 20:12:58,
629b502066d8a33a,0.3806400001049042,-0.05959699675440788,-0.08955046534538269,-0.05986994132399559,1,-30.695199966430664,21.703800201416016,0.703635036945343,0,0.04190129414200783,,2023-06-09 20:12:59,-13.432199478149414
629b502066d8a33a,0.587552011013031,0.14365500211715698,-0.07416246086359024,-0.0749225988984108,1,-32.20800018310547,20.691200256347656,0.6682549715042114,1,0.03874363377690315,,2023-06-09 20:12:59,-15.164599418640137
629b502066d8a33a,0.5647990107536316,0.05471699684858322,-0.05723394453525543,-0.0881856232881546,1,-32.610599517822266,20.56920051574707,1.4198360443115234,2,0.03494613617658615,,2023-06-09 20:12:59,-15.530599594116211
629b502066d8a33a,0.3425150215625763,-0.038307998329401016,,,1,,,0.8577820062637329,3,,,2023-06-09 20:12:59,
629b502066d8a33a,0.37551599740982056,-0.008295999839901924,-0.03986573964357376,-0.09811320155858994,1,-31.963998794555664,21.435400009155273,0.52264803647995,4,0.033077728003263474,,2023-06-09 20:12:59,-16.433399200439453
629b502066d8a33a,0.512033998966217,0.04129699990153313,-0.024073176085948944,-0.10311904549598694,1,-31.683399200439453,22.54559898376465,0.753715991973877,5,0.03178740665316582,,2023-06-09 20:12:59,-16.54319953918457
629b502066d8a33a,0.5047140121459961,0.0021959999576210976,-0.015212347730994225,-0.09811000525951385,1,-31.41499900817871,23.19219970703125,1.4569849967956543,0,0.02735007368028164,,2023-06-09 20:13:00,-16.433399200439453
629b502066d8a33a,0.403331995010376,-0.1335899978876114,,,1,-32.183597564697266,23.021400451660156,0.5277720093727112,1,,,2023-06-09 20:13:00,-15.872200012207031
629b502066d8a33a,0.4961739778518677,0.056912995874881744,-0.015831956639885902,-0.08208642154932022,1,,,0.47085899114608765,2,0.01897577755153179,,2023-06-09 20:13:00,
629b502066d8a33a,0.7496899962425232,0.20520401000976562,-0.024700237438082695,-0.06378454715013504,1,-32.31779861450195,21.8257999420166,0.9342150092124939,3,0.012579543516039848,,2023-06-09 20:13:00,-15.798999786376953
629b502066d8a33a,0.5249660015106201,0.2130119949579239,,,1,,,1.1294150352478027,4,,,2023-06-09 20:13:00,
629b502066d8a33a,0.5073980093002319,0.21130399405956268,,,1,,,0.7527400255203247,5,,,2023-06-09 20:13:00,
629b502066d8a33a,0.44853299856185913,0.020556999370455742,,,1,,,0.40198999643325806,6,,,2023-06-09 20:13:00,
629b502066d8a33a,0.6236639618873596,0.12852700054645538,,,1,,,0.7872049808502197,0,,,2023-06-09 20:13:01,
629b502066d8a33a,0.5430830121040344,0.050324998795986176,,,1,,,0.827038049697876,0,,2.6500000953674316,2023-06-09 21:10:12,
629b502066d8a33a,0.4563409686088562,0.07917799800634384,,,1,,,0.9931409955024719,1,,3.325000047683716,2023-06-09 21:10:12,
629b502066d8a33a,0.11120300740003586,0.1487790048122406,,,1,,,0.7803729772567749,2,,4.0625,2023-06-09 21:10:12,
629b502066d8a33a,0.04892200231552124,0.18592800199985504,,,1,,,1.087630033493042,3,,4.962500095367432,2023-06-09 21:10:12,
629b502066d8a33a,0.0945499986410141,-0.01268799975514412,,,1,,,1.0886059999465942,4,,4.175000190734863,2023-06-09 21:10:12,
629b502066d8a33a,0.24406100809574127,-0.06081699952483177,,,1,,,0.942084014415741,5,,3.5,2023-06-09 21:10:12,
629b502066d8a33a,0.16592000424861908,-0.2537600100040436,,,1,,,1.0632299184799194,6,,3.1000001430511475,2023-06-09 21:10:12,
629b502066d8a33a,0.2567490041255951,-0.07618900388479233,,,1,,,0.6653270125389099,0,,3.0375001430511475,2023-06-09 21:10:13,
629b502066d8a33a,0.3867399990558624,-0.07033299654722214,,,1,,,0.6240299940109253,1,,4.224999904632568,2023-06-09 21:10:13,
629b502066d8a33a,0.3845440149307251,-0.08814500272274017,,,1,,,0.9669719338417053,2,,4.5625,2023-06-09 21:10:13,
629b502066d8a33a,0.2616899907588959,-0.1096780002117157,,,1,,,1.286978006362915,3,,5.462500095367432,2023-06-09 21:10:13,
629b502066d8a33a,0.3430030047893524,-0.16537100076675415,,,1,,,0.8895629644393921,4,,5.012500286102295,2023-06-09 21:10:13,
629b502066d8a33a,0.41040802001953125,-0.03660000115633011,,,1,,,0.8101410269737244,5,,4.849999904632568,2023-06-09 21:10:13,
629b502066d8a33a,0.40357598662376404,-0.09156100451946259,,,1,,,0.8829750418663025,6,,5.300000190734863,2023-06-09 21:10:13,
629b502066d8a33a,0.4959299862384796,-0.13188199698925018,,,1,,,0.8765699863433838,0,,6.137500286102295,2023-06-09 21:10:14,
629b502066d8a33a,0.37429600954055786,-0.2332640141248703,,,1,,,1.0771379470825195,1,,6.3125,2023-06-09 21:10:14,
629b502066d8a33a,0.3134180009365082,-0.20245899260044098,,,1,,,0.7276079654693604,2,,7.550000190734863,2023-06-09 21:10:14,
629b502066d8a33a,0.44487300515174866,-0.21002300083637238,,,1,,,0.7102230191230774,3,,8.449999809265137,2023-06-09 21:10:14,
629b502066d8a33a,0.5191100239753723,-0.11626599729061127,,,1,,,0.9968010187149048,4,,8.625,2023-06-09 21:10:14,
629b502066d8a33a,0.3659389913082123,-0.1160220056772232,,,1,,,1.2913700342178345,5,,7.662499904632568,2023-06-09 21:10:14,
629b502066d8a33a,0.26120197772979736,0.12193899601697922,,,1,,,0.8059930205345154,0,,9.75,2023-06-09 21:10:15,
629b502066d8a33a,0.452193021774292,0.15195100009441376,,,1,,,0.6672790050506592,1,,11.4375,2023-06-09 21:10:15,
629b502066d8a33a,0.5674830079078674,0.33592700958251953,,,1,,,0.7551800012588501,2,,9.46250057220459,2023-06-09 21:10:15,
629b502066d8a33a,0.5968239903450012,0.2841379940509796,,,1,,,0.9579439759254456,3,,9.012499809265137,2023-06-09 21:10:15,
629b502066d8a33a,0.26120197772979736,0.12193899601697922,,,1,,,0.8059930205345154,4,,9.75,2023-06-09 21:10:15,
629b502066d8a33a,0.452193021774292,0.15195100009441376,,,1,,,0.6672790050506592,5,,11.4375,2023-06-09 21:10:15,
629b502066d8a33a,0.44609302282333374,0.21594001352787018,,,1,,,0.7776889801025391,6,,11.324999809265137,2023-06-09 21:10:15,
629b502066d8a33a,0.5076420307159424,0.1255989968776703,,,1,,,0.9283589720726013,0,,10.71250057220459,2023-06-09 21:10:16,
629b502066d8a33a,0.34739500284194946,0.2357649952173233,-0.05979648232460022,0.06729991734027863,1,26.681400299072266,-21.057199478149414,1.0868980884552002,1,-0.042666755616664886,11.27500057220459,2023-06-09 21:10:16,-34.80659866333008
629b502066d8a33a,0.3803960084915161,-0.1113860011100769,-0.05979648232460022,0.06729991734027863,1,26.681400299072266,-21.057199478149414,0.8346019387245178,2,-0.042666755616664886,11.77500057220459,2023-06-09 21:10:16,-34.80659866333008
629b502066d8a33a,0.41406798362731934,-0.04562800005078316,-0.056736767292022705,0.05230475589632988,1,27.608598709106445,-20.312999725341797,0.7972090244293213,3,-0.030074436217546463,14.199999809265137,2023-06-09 21:10:16,-34.35519790649414
629b502066d8a33a,0.34983497858047485,-0.010247999802231789,-0.04179376736283302,0.03818364068865776,1,29.035999298095703,-18.83679962158203,0.9508680105209351,4,-0.01592138409614563,14.199999809265137,2023-06-09 21:10:16,-33.80619812011719
629b502066d8a33a,0.36545100808143616,-0.2833450138568878,-0.01530816312879324,0.026122568175196648,1,30.353599548339844,-16.56760025024414,1.0180290937423706,5,-0.005627578590065241,14.762499809265137,2023-06-09 21:10:16,-33.257198333740234
629b502066d8a33a,0.36545100808143616,-0.2833450138568878,-0.01530816312879324,0.026122568175196648,1,30.353599548339844,-16.56760025024414,1.0180290937423706,6,-0.005627578590065241,14.762499809265137,2023-06-09 21:10:16,-33.257198333740234
629b502066d8a33a,0.22502900660037994,-0.28261297941207886,,,1,,,0.8721780180931091,0,,14.762499809265137,2023-06-09 21:10:17,
629b502066d8a33a,0.3850319981575012,-0.007075999863445759,0.015785112977027893,0.016455823555588722,1,30.695199966430664,-14.688799858093262,0.6523340344429016,1,-0.0009368651662953198,14.037500381469727,2023-06-09 21:10:17,-32.976600646972656
629b502066d8a33a,0.3886919915676117,0.0735659971833229,0.0394878014922142,0.010060654021799564,1,30.914798736572266,-13.468799591064453,0.6772830486297607,2,0.0011167858028784394,15.77500057220459,2023-06-09 21:10:17,-32.4276008605957
629b502066d8a33a,0.48763397336006165,-0.008295999839901924,0.04728401079773903,0.007901606149971485,1,31.012399673461914,-12.419599533081055,0.8905390501022339,3,0.003411040874198079,,2023-06-09 21:10:17,-31.890798568725586
629b502066d8a33a,0.2609579861164093,0.225272998213768,,,1,,,1.2334809303283691,4,,17.024999618530273,2023-06-09 21:10:17,
629b502066d8a33a,0.31665101647377014,-0.008051999844610691,0.04014892876148224,0.008815049193799496,1,30.841598510742188,-11.480199813842773,0.9513559937477112,5,0.005957610439509153,15.324999809265137,2023-06-09 21:10:17,-31.5492000579834
629b502066d8a33a,0.3701480031013489,0.019825000315904617,0.025659458711743355,0.009020521305501461,1,30.707399368286133,-11.175199508666992,0.7994049787521362,0,0.007480016443878412,17.36250114440918,2023-06-09 21:10:18,-31.19540023803711
629b502066d8a33a,0.4358449876308441,0,0.012650873512029648,0.007195763289928436,1,30.597599029541016,-11.163000106811523,0.9362279772758484,1,0.008341293781995773,14.037500381469727,2023-06-09 21:10:18,-31.03679847717285
629b502066d8a33a,0.40528401732444763,-0.14505799114704132,0.007357585243880749,0.006118368357419968,1,29.889999389648438,-10.675000190734863,0.9579439759254456,2,0.010340648703277111,13.8125,2023-06-09 21:10:18,-31.219799041748047
629b502066d8a33a,0.2836499810218811,-0.21398800611495972,,,1,,,0.8191690444946289,3,,14.71250057220459,2023-06-09 21:10:18,
629b502066d8a33a,0.3361710011959076,-0.03562399744987488,0.012169665656983852,0.0069870976731181145,1,28.596799850463867,-10.077199935913086,0.8235610127449036,4,0.013441885821521282,14.762499809265137,2023-06-09 21:10:18,-31.86639976501465
629b502066d8a33a,0.4177280068397522,-0.11846199631690979,0.023525960743427277,0.008073009550571442,1,28.023399353027344,-9.637999534606934,0.6567260026931763,0,0.018064463511109352,17.36250114440918,2023-06-09 21:10:19,-32.53739929199219
629b502066d8a33a,0.2577250003814697,-0.009271999821066856,0.005350777413696051,-0.03784828633069992,1,37.12459945678711,-20.20319938659668,0.7740289568901062,5,-0.05419977754354477,1.3000000715255737,2023-06-09 21:10:24,-41.089599609375
629b502066d8a33a,0.2577250003814697,-0.009271999821066856,0.005350777413696051,-0.03784828633069992,1,37.12459945678711,-20.20319938659668,0.7740289568901062,6,-0.05419977754354477,1.3000000715255737,2023-06-09 21:10:24,-41.089599609375
629b502066d8a33a,0.34105098247528076,-0.028060002252459526,,,1,,,0.8837069869041443,0,,1.3000000715255737,2023-06-09 21:10:25,
629b502066d8a33a,0.1617719978094101,-0.25229600071907043,0.007535376586019993,-0.028690431267023087,1,36.88059997558594,-19.763999938964844,1.148690938949585,1,-0.03534749522805214,1.2375000715255737,2023-06-09 21:10:25,-41.260398864746094
629b502066d8a33a,0.49861398339271545,0.0073809996247291565,-0.019003458321094513,0.010437529534101486,1,18.55620002746582,-10.382200241088867,0.6875309944152832,9,0.014405366033315659,6.762500286102295,2023-06-09 21:10:21,-40.39419937133789
629b502066d8a33a,0.49861398339271545,0.0073809996247291565,-0.019003458321094513,0.010437529534101486,1,18.55620002746582,-10.382200241088867,0.6875309944152832,2,0.014405366033315659,6.762500286102295,2023-06-09 21:10:21,-40.39419937133789
629b502066d8a33a,0.5902360081672668,-0.03025600127875805,-0.021872607991099358,0.013035200536251068,1,18.94659996032715,-11.528999328613281,0.9251870512962341,0,0.0036580325104296207,6.25,2023-06-09 21:10:22,-40.625999450683594
629b502066d8a33a,0.43389299511909485,0.10870199650526047,,,1,,,0.9745360016822815,1,,14.037500381469727,2023-06-09 21:10:22,
629b502066d8a33a,0.3791760206222534,0.042760998010635376,-0.020927224308252335,0.015787241980433464,1,19.629798889160156,-12.456199645996094,0.7138830423355103,2,-0.009688037447631359,16.012500762939453,2023-06-09 21:10:22,-40.74800109863281
629b502066d8a33a,0.29023799300193787,0.027632998302578926,-0.022057851776480675,0.01390393078327179,1,21.227998733520508,-13.322400093078613,0.7928169965744019,3,-0.016684716567397118,20.23750114440918,2023-06-09 21:10:22,-40.66259765625
629b502066d8a33a,0.30438998341560364,0.12950299680233002,,,1,,,0.9396439790725708,4,,9.300000190734863,2023-06-09 21:10:22,
629b502066d8a33a,0.00445299968123436,0.23503299057483673,-0.0265867430716753,0.003478111932054162,1,24.82699966430664,-13.700599670410156,1.1777880191802979,5,-0.014070010744035244,4.175000190734863,2023-06-09 21:10:22,-39.808597564697266
629b502066d8a33a,-0.14603400230407715,-0.18806301057338715,-0.0320354662835598,-0.017992069944739342,1,28.79199981689453,-14.517999649047852,0.9801480174064636,6,-0.004886603448539972,3.2750000953674316,2023-06-09 21:10:22,-38.7593994140625
629b502066d8a33a,-0.06984499841928482,-0.26449599862098694,-0.037025336176157,-0.0498603880405426,1,31.683399200439453,-15.798999786376953,0.8370420336723328,7,0.00498987128958106,3.7250001430511475,2023-06-09 21:10:22,-38.21039962768555
629b502066d8a33a,0.34812700748443604,0.18007199466228485,-0.042063117027282715,-0.08066195994615555,1,34.696800231933594,-17.323999404907227,0.8536339998245239,0,0.009686972945928574,3.7250001430511475,2023-06-09 21:10:23,-37.71019744873047
629b502066d8a33a,0.2865779995918274,0.14511899650096893,,,1,,,0.8721780180931091,1,,4,2023-06-09 21:10:23,
629b502066d8a33a,0.15664801001548767,0.17153200507164001,-0.04773860052227974,-0.09446262568235397,1,37.08799743652344,-18.90999984741211,1.2439730167388916,2,0.006862537004053593,4.112500190734863,2023-06-09 21:10:23,-37.35639953613281
629b502066d8a33a,0.14926700294017792,0.1575630009174347,-0.05449574068188667,-0.08859763294458389,1,38.82040023803711,-20.312999725341797,1.0805540084838867,3,-0.00112849660217762,6.9375,2023-06-09 21:10:23,-37.14899826049805
629b502066d8a33a,0.15103599429130554,0.14511899650096893,-0.062093932181596756,-0.07785029709339142,1,40.13800048828125,-21.17919921875,0.7605479955673218,4,-0.010206506587564945,3.887500047683716,2023-06-09 21:10:23,-37.161197662353516
629b502066d8a33a,0.17543599009513855,0.0012199999764561653,-0.06682296842336655,-0.07496092468500137,1,40.247798919677734,-22.094200134277344,1.0177849531173706,5,-0.019939258694648743,,2023-06-09 21:10:23,-37.51499938964844
629b502066d8a33a,0.30024200677871704,-0.19904300570487976,,,1,,,0.9303110241889954,6,,1.975000023841858,2023-06-09 21:10:23,
629b502066d8a33a,0.1588440090417862,0.0026840001810342073,-0.061391282826662064,-0.07644926011562347,1,38.72279739379883,-22.960399627685547,1.1035510301589966,7,-0.035145219415426254,1.350000023841858,2023-06-09 21:10:23,-38.5641975402832
629b502066d8a33a,0.11876700818538666,-0.12626999616622925,-0.04322461411356926,-0.0739186629652977,1,36.92939758300781,-22.996999740600586,0.9139630198478699,0,-0.05727227032184601,1.2375000715255737,2023-06-09 21:10:24,-39.77199935913086
629b502066d8a33a,0.2450370043516159,0.004147999919950962,-0.020331038162112236,-0.06600960344076157,1,36.67319869995117,-23.057998657226562,0.7295600175857544,1,-0.07734247297048569,1.462499976158142,2023-06-09 21:10:24,-40.174598693847656
629b502066d8a33a,0.223565012216568,0.08186200261116028,-0.020331038162112236,-0.06600960344076157,1,36.67319869995117,-23.057998657226562,1.1853519678115845,2,-0.07734247297048569,1.6375000476837158,2023-06-09 21:10:24,-40.174598693847656
629b502066d8a33a,0.025436999276280403,0.24113300442695618,-0.0038922487292438745,-0.05616400018334389,1,37.10020065307617,-22.630998611450195,1.3282750844955444,3,-0.08330754190683365,1.6375000476837158,2023-06-09 21:10:24,-40.35759735107422
629b502066d8a33a,0.04501799866557121,-0.06228099763393402,0.0030597164295613766,-0.04664204269647598,1,37.36859893798828,-21.398799896240234,1.044869065284729,4,-0.07298392057418823,1.350000023841858,2023-06-09 21:10:24,-40.66259765625
629b502066d8a33a,,,0.031596843153238297,0.008642581291496754,1,27.584199905395508,-9.528200149536133,,1,0.027099888771772385,,2023-06-09 21:10:19,-33.367000579833984
629b502066d8a33a,,,0.02802717313170433,0.01053121592849493,1,26.53499984741211,-9.174399375915527,,3,0.04051090031862259,,2023-06-09 21:10:19,-34.39179992675781
629b502066d8a33a,,,0.014791822992265224,0.014987712725996971,1,25.229598999023438,-7.820199966430664,,4,0.05078873783349991,,2023-06-09 21:10:19,-35.22140121459961
629b502066d8a33a,,,0.0033120312727987766,0.021457405760884285,1,23.83880043029785,-6.148799896240234,,0,0.05148925632238388,,2023-06-09 21:10:20,-35.965599060058594
629b502066d8a33a,,,0.0042254747822880745,0.030122343450784683,1,22.423599243164062,-5.343599796295166,,1,0.04586167633533478,,2023-06-09 21:10:20,-36.648799896240234
629b502066d8a33a,,,0.0042254747822880745,0.030122343450784683,1,22.423599243164062,-5.343599796295166,,2,0.04586167633533478,,2023-06-09 21:10:20,-36.648799896240234
629b502066d8a33a,,,0.017741883173584938,0.040617361664772034,1,21.105998992919922,-5.551000118255615,,3,0.041871484369039536,,2023-06-09 21:10:20,-37.31979751586914
629b502066d8a33a,,,0.017741883173584938,0.040617361664772034,1,21.105998992919922,-5.551000118255615,,4,0.041871484369039536,,2023-06-09 21:10:20,-37.31979751586914
629b502066d8a33a,,,0.009580510668456554,0.015172956511378288,1,18.23900032043457,-7.990999698638916,,0,0.007968677207827568,,2023-06-09 21:10:21,-39.869598388671875
629b502066d8a33a,,,-0.0077568176202476025,0.010702619329094887,1,18.165800094604492,-9.320799827575684,,1,0.015120790340006351,,2023-06-09 21:10:21,-40.186798095703125
629b502066d8a33a,,,0.044703371822834015,0.04504724591970444,1,18.641599655151367,-5.160599708557129,,3,0.023406723514199257,,2023-06-09 21:10:21,-38.905799865722656
629b502066d8a33a,,,0.03816767409443855,0.03470127284526825,1,18.019399642944336,-5.148399829864502,,4,0.009689101949334145,,2023-06-09 21:10:21,-39.235198974609375
629b502066d8a33a,,,0.026279067620635033,0.0237474013119936,1,18.019399642944336,-6.453799724578857,,5,0.003588832216337323,,2023-06-09 21:10:21,-39.552398681640625
629b502066d8a33a,,,0.009580510668456554,0.015172956511378288,1,18.23900032043457,-7.990999698638916,,7,0.007968677207827568,,2023-06-09 21:10:21,-39.869598388671875
629b502066d8a33a,,,-0.0077568176202476025,0.010702619329094887,1,18.165800094604492,-9.320799827575684,,8,0.015120790340006351,,2023-06-09 21:10:21,-40.186798095703125
